target-names,no-steps,concentration-required-mM,amount-required-uL,batch-tag,reactant-1-1,reactant-2-1,reaction-product-smiles-1,reaction-name-1,reaction-recipe-1,reaction-groupby-column-1
C124635,1,,,,NC(=O)C1CCCNC1,NC(C(=O)O)c1ccc(O)cc1,NC(=O)C1CCCN(C(=O)C(N)c2ccc(O)cc2)C1,Amidation,,
C124638,1,,,,NC(=O)C1CCCNC1,O=C(O)Cc1ccc(Br)cc1Br,NC(=O)C1CCCN(C(=O)Cc2ccc(Br)cc2Br)C1,Amidation,,
C156328,1,,,,O=C(O)Cc1ccccc1F,NNC(=O)C1CCNC1,O=C(Cc1ccccc1F)NNC(=O)C1CCNC1,Amidation,,
C156330,1,,,,O=C(O)Cc1ccccc1F,NNC(=O)C1CCNC1,NNC(=O)C1CCN(C(=O)Cc2ccccc2F)C1,Amidation,,
C156333,1,,,,O=C(O)Cc1ccccc1F,O=C1NCC2CNCC12,O=C1NCC2CN(C(=O)Cc3ccccc3F)CC12,Amidation,,
C124650,1,,,,NC(=O)C1CCCNC1,O=C(O)Cc1c(F)cccc1F,NC(=O)C1CCCN(C(=O)Cc2c(F)cccc2F)C1,Amidation,,
C122393,1,,,,NCCc1cocn1,c1ccc2c(c1)CCN2,O=C(NCCc1cocn1)N1CCc2ccccc21,Formation_of_urea_from_two_amines,,
C124666,1,,,,NC(=O)C1CCCNC1,Nc1ccc(C(O)C(=O)O)cc1,NC(=O)C1CCCN(C(=O)C(O)c2ccc(N)cc2)C1,Amidation,,
C124671,1,,,,NC(=O)C1(O)CCCNC1,Cc1ccc(CC(=O)O)cc1,Cc1ccc(CC(=O)N2CCCC(O)(C(N)=O)C2)cc1,Amidation,,
C124673,1,,,,CC1CNCC(C(N)=O)C1,Cc1ccc(CC(=O)O)cc1,Cc1ccc(CC(=O)N2CC(C)CC(C(N)=O)C2)cc1,Amidation,,
C122448,1,,,,CC1CCC(C(N)=O)CN1,COc1ccccc1CC(=O)O,COc1ccccc1CC(=O)N1CC(C(N)=O)CCC1C,Amidation,,
C124674,1,,,,CC1CCC(C(N)=O)CN1,Cc1ccc(CC(=O)O)cc1,Cc1ccc(CC(=O)N2CC(C(N)=O)CCC2C)cc1,Amidation,,
C124679,1,,,,NC(=O)C1(F)CCCNC1,Cc1ccc(CC(=O)O)cc1,Cc1ccc(CC(=O)N2CCCC(F)(C(N)=O)C2)cc1,Amidation,,
C122455,1,,,,COc1ccccc1CC(=O)O,NC(=O)C1CCNC1,COc1ccccc1CC(=O)N1CCC(C(N)=O)C1,Amidation,,
C156377,1,,,,O=C(O)C(Cl)c1ccccc1,NC(=O)C1(O)CCNC1,NC(=O)C1(O)CCN(C(=O)C(Cl)c2ccccc2)C1,Amidation,,
C124705,1,,,,NC(=O)C1(N)CCCNC1,Cc1ccc(CC(=O)O)cc1,Cc1ccc(CC(=O)NC2(C(N)=O)CCCNC2)cc1,Amidation,,
C122473,1,,,,NC(=O)C1CCCNC1,COc1ccccc1C(N)C(=O)O,COc1ccccc1C(N)C(=O)N1CCCC(C(N)=O)C1,Amidation,,
C156395,1,,,,O=C(O)Cc1ccccc1F,CNC(=O)C1CCNC1,CNC(=O)C1CCN(C(=O)Cc2ccccc2F)C1,Amidation,,
C156400,1,,,,O=C(O)C(Cl)c1ccccc1,O=C1NCC2CNCC12,O=C1NCC2CN(C(=O)C(Cl)c3ccccc3)CC12,Amidation,,
C122479,1,,,,CNCCC(N)=O,COc1ccccc1CC(=O)O,COc1ccccc1CC(=O)N(C)CCC(N)=O,Amidation,,
C156403,1,,,,O=C(O)Cc1ccc(Cl)cc1,NC(=O)C1(O)CCNC1,NC(=O)C1(O)CCN(C(=O)Cc2ccc(Cl)cc2)C1,Amidation,,
C156407,1,,,,O=C(O)Cc1ccc(Cl)cc1,NC(=O)C1(F)CCNC1,NC(=O)C1(F)CCN(C(=O)Cc2ccc(Cl)cc2)C1,Amidation,,
C124722,1,,,,O=C1NCC2CCNCC12,Cc1ccc(CC(=O)O)cc1,Cc1ccc(CC(=O)N2CCC3CNC(=O)C3C2)cc1,Amidation,,
C156412,1,,,,O=C(O)Cc1ccc(Cl)cc1,CC1(C(N)=O)CCNC1,CC1(C(N)=O)CCN(C(=O)Cc2ccc(Cl)cc2)C1,Amidation,,
C124727,1,,,,O=C1NC2CNCC1C2,Nc1ccc(C(O)C(=O)O)cc1,Nc1ccc(C(O)C(=O)N2CC3CC(C2)C(=O)N3)cc1,Amidation,,
C156415,1,,,,O=C(O)Cc1ccc(Cl)cc1,CNC(=O)C1CCNC1,CNC(=O)C1CCN(C(=O)Cc2ccc(Cl)cc2)C1,Amidation,,
C122489,1,,,,NC(=O)C1CCCNC1,COc1cccnc1CC(=O)O,COc1cccnc1CC(=O)N1CCCC(C(N)=O)C1,Amidation,,
C128556,1,,,,N=c1ccnc(CCl)[nH]1,NC(=O)Nc1ccc(Br)cc1O,N=c1ccnc(COc2cc(Br)ccc2NC(N)=O)[nH]1,Williamson_ether_synthesis,,
C152216,1,,,,NC(=O)C1(O)CCCNC1,O=C(O)Cc1ccc(O)cn1,NC(=O)C1(O)CCCN(C(=O)Cc2ccc(O)cn2)C1,Amidation,,
C122496,1,,,,NC(=O)C1CCCNC1,CSc1ccccc1CC(=O)O,CSc1ccccc1CC(=O)N1CCCC(C(N)=O)C1,Amidation,,
C122553,1,,,,NC(=O)C1CCCNC1,O=C(O)C1CCc2cccc(Br)c21,NC(=O)C1CCCN(C(=O)C2CCc3cccc(Br)c32)C1,Amidation,,
C124748,1,,,,NC(=O)C1(O)CCCNC1,O=C(O)Cc1cccc(I)c1,NC(=O)C1(O)CCCN(C(=O)Cc2cccc(I)c2)C1,Amidation,,
C124750,1,,,,CNC(=O)C1CCCNC1,O=C(O)Cc1cccc(I)c1,CNC(=O)C1CCCN(C(=O)Cc2cccc(I)c2)C1,Amidation,,
C124751,1,,,,CC1CNCC(C(N)=O)C1,O=C(O)Cc1cccc(I)c1,CC1CC(C(N)=O)CN(C(=O)Cc2cccc(I)c2)C1,Amidation,,
C156441,1,,,,O=C(O)Cc1ccccc1F,NC(=O)C1(F)CCNC1,NC(=O)C1(F)CCN(C(=O)Cc2ccccc2F)C1,Amidation,,
C112,1,,,,NC(=O)C1CCCNC1,COc1ccccc1CC(=O)O,COc1ccccc1CC(=O)N1CCCC(C(N)=O)C1,Amidation,,
C124764,1,,,,NC(=O)C1(N)CCCNC1,Nc1cccc(CC(=O)O)c1,NC(=O)C1(NC(=O)Cc2cccc(N)c2)CCCNC1,Amidation,,
C152251,1,,,,NC(=O)C1CCCNC1,O=C(O)C1CCc2cccc(O)c21,NC(=O)C1CCCN(C(=O)C2CCc3cccc(O)c32)C1,Amidation,,
C156455,1,,,,O=C(O)Cc1ccccc1F,CC1(C(N)=O)CCNC1,CC1(C(N)=O)CCN(C(=O)Cc2ccccc2F)C1,Amidation,,
C152253,1,,,,O=C1NC2CNCC1C2,O=C(O)C1CCc2cccc(O)c21,O=C1NC2CC1CN(C(=O)C1CCc3cccc(O)c31)C2,Amidation,,
C124770,1,,,,CC1CCC(C(N)=O)CN1,O=C(O)Cc1cccc(I)c1,CC1CCC(C(N)=O)CN1C(=O)Cc1cccc(I)c1,Amidation,,
C156457,1,,,,O=C(O)Cc1ccccc1F,NC(=O)C1(O)CCNC1,NC(=O)C1(O)CCN(C(=O)Cc2ccccc2F)C1,Amidation,,
C156458,1,,,,O=C(O)C(Cl)c1ccccc1,NC(=O)C1(F)CCNC1,NC(=O)C1(F)CCN(C(=O)C(Cl)c2ccccc2)C1,Amidation,,
C156461,1,,,,O=C(O)Cc1ccc(Cl)cc1,O=C1NCC2CNCC12,O=C1NCC2CN(C(=O)Cc3ccc(Cl)cc3)CC12,Amidation,,
C124777,1,,,,NC(=O)C1(N)CCCNC1,O=C(O)Cc1cccc(I)c1,NC(=O)C1(NC(=O)Cc2cccc(I)c2)CCCNC1,Amidation,,
C124778,1,,,,NC(=O)C1(N)CCCNC1,O=C(O)Cc1cccc(I)c1,NC(=O)C1(N)CCCN(C(=O)Cc2cccc(I)c2)C1,Amidation,,
C156471,1,,,,O=C(O)Cc1ccc(Cl)cc1,NNC(=O)C1CCNC1,O=C(Cc1ccc(Cl)cc1)NNC(=O)C1CCNC1,Amidation,,
C156472,1,,,,O=C(O)Cc1ccc(Cl)cc1,NNC(=O)C1CCNC1,NNC(=O)C1CCN(C(=O)Cc2ccc(Cl)cc2)C1,Amidation,,
C156475,1,,,,O=C(O)C(Cl)c1ccccc1,CNC(=O)C1CCNC1,CNC(=O)C1CCN(C(=O)C(Cl)c2ccccc2)C1,Amidation,,
C156477,1,,,,O=C(O)C(Cl)c1ccccc1,CC1(C(N)=O)CCNC1,CC1(C(N)=O)CCN(C(=O)C(Cl)c2ccccc2)C1,Amidation,,
C124793,1,,,,NC(=O)C1(F)CCCNC1,O=C(O)Cc1cccc(I)c1,NC(=O)C1(F)CCCN(C(=O)Cc2cccc(I)c2)C1,Amidation,,
C124797,1,,,,O=C1NCC2CCNCC12,O=C(O)Cc1cccc(I)c1,O=C1NCC2CCN(C(=O)Cc3cccc(I)c3)CC12,Amidation,,
C156492,1,,,,O=C(O)Cc1cccc(Cl)c1,NC(=O)C1(O)CCNC1,NC(=O)C1(O)CCN(C(=O)Cc2cccc(Cl)c2)C1,Amidation,,
C156496,1,,,,O=C(O)Cc1cccc(Cl)c1,NC(=O)C1(F)CCNC1,NC(=O)C1(F)CCN(C(=O)Cc2cccc(Cl)c2)C1,Amidation,,
C156501,1,,,,O=C(O)Cc1cccc(Cl)c1,CC1(C(N)=O)CCNC1,CC1(C(N)=O)CCN(C(=O)Cc2cccc(Cl)c2)C1,Amidation,,
C156503,1,,,,O=C(O)Cc1cccc(Cl)c1,CNC(=O)C1CCNC1,CNC(=O)C1CCN(C(=O)Cc2cccc(Cl)c2)C1,Amidation,,
C122657,1,,,,NC(=O)C1CCCNC1,O=C(O)C1CCSc2ccccc21,NC(=O)C1CCCN(C(=O)C2CCSc3ccccc32)C1,Amidation,,
C124820,1,,,,NC(=O)C1(N)CCCNC1,Nc1ccccc1CC(=O)O,NC(=O)C1(N)CCCN(C(=O)Cc2ccccc2N)C1,Amidation,,
C122661,1,,,,O=C1NC2CNCC1C2,O=C(O)C1CCSc2ccccc21,O=C1NC2CC1CN(C(=O)C1CCSc3ccccc31)C2,Amidation,,
C136485,1,,,,CC1Cc2ccccc2N1,Cc1ocnc1CCN,Cc1ocnc1CCNC(=O)N1c2ccccc2CC1C,Formation_of_urea_from_two_amines,,
C124827,1,,,,NC(=O)C1(O)CCCNC1,Nc1ccccc1CC(=O)O,NC(=O)C1(O)CCCN(C(=O)Cc2ccccc2N)C1,Amidation,,
C136487,1,,,,CC(N)Cc1cocn1,CC1Cc2ccccc2N1,CC(Cc1cocn1)NC(=O)N1c2ccccc2CC1C,Formation_of_urea_from_two_amines,,
C124829,1,,,,CNC(=O)C1CCCNC1,Nc1ccccc1CC(=O)O,CNC(=O)C1CCCN(C(=O)Cc2ccccc2N)C1,Amidation,,
C140699,1,,,,Cc1ocnc1CCN,Cc1ccc2c(c1)C(C(=O)O)CC2,Cc1ccc2c(c1)C(C(=O)NCCc1ncoc1C)CC2,Amidation,,
C124830,1,,,,CC1CNCC(C(N)=O)C1,Nc1ccccc1CC(=O)O,CC1CC(C(N)=O)CN(C(=O)Cc2ccccc2N)C1,Amidation,,
C124831,1,,,,CC1CCC(C(N)=O)CN1,Nc1ccccc1CC(=O)O,CC1CCC(C(N)=O)CN1C(=O)Cc1ccccc1N,Amidation,,
C140697,1,,,,CC(N)Cc1cocn1,Cc1ccc2c(c1)C(C(=O)O)CC2,Cc1ccc2c(c1)C(C(=O)NC(C)Cc1cocn1)CC2,Amidation,,
C124835,1,,,,NC(=O)C1(F)CCCNC1,Nc1ccccc1CC(=O)O,NC(=O)C1(F)CCCN(C(=O)Cc2ccccc2N)C1,Amidation,,
C124839,1,,,,O=C1NCC2CCNCC12,Nc1ccccc1CC(=O)O,Nc1ccccc1CC(=O)N1CCC2CNC(=O)C2C1,Amidation,,
C122686,1,,,,NC(=O)C1CCCNC1,C[S+]([O-])c1ccccc1CC(=O)O,C[S+]([O-])c1ccccc1CC(=O)N1CCCC(C(N)=O)C1,Amidation,,
C152323,1,,,,O=C1NC2CNCC1C2,O=C(O)C1CCc2cccc(Br)c21,O=C1NC2CC1CN(C(=O)C1CCc3cccc(Br)c31)C2,Amidation,,
C152325,1,,,,NC(=O)C1CCCNC1,O=C(O)C1CCc2ccc(Cl)cc21,NC(=O)C1CCCN(C(=O)C2CCc3ccc(Cl)cc32)C1,Amidation,,
C152327,1,,,,O=C1NC2CNCC1C2,O=C(O)C1CCc2ccc(Cl)cc21,O=C1NC2CC1CN(C(=O)C1CCc3ccc(Cl)cc31)C2,Amidation,,
C156529,1,,,,C=C(C(=O)O)c1ccccc1,NC(=O)C1(O)CCNC1,C=C(C(=O)N1CCC(O)(C(N)=O)C1)c1ccccc1,Amidation,,
C124845,1,,,,NC(=O)C1(O)CCCNC1,Nc1cccc(CC(=O)O)c1,NC(=O)C1(O)CCCN(C(=O)Cc2cccc(N)c2)C1,Amidation,,
C156530,1,,,,C=C(C(=O)O)c1ccccc1,O=C1NCC2CNCC12,C=C(C(=O)N1CC2CNC(=O)C2C1)c1ccccc1,Amidation,,
C124847,1,,,,CNC(=O)C1CCCNC1,Nc1cccc(CC(=O)O)c1,CNC(=O)C1CCCN(C(=O)Cc2cccc(N)c2)C1,Amidation,,
C124848,1,,,,CC1CNCC(C(N)=O)C1,Nc1cccc(CC(=O)O)c1,CC1CC(C(N)=O)CN(C(=O)Cc2cccc(N)c2)C1,Amidation,,
C124849,1,,,,CC1CCC(C(N)=O)CN1,Nc1cccc(CC(=O)O)c1,CC1CCC(C(N)=O)CN1C(=O)Cc1cccc(N)c1,Amidation,,
C152332,1,,,,O=C1NC2CNCC1C2,CC1(C(=O)O)CCc2ccccc21,CC1(C(=O)N2CC3CC(C2)C(=O)N3)CCc2ccccc21,Amidation,,
C152334,1,,,,NC(=O)C1CCCNC1,CC1(C(=O)O)CCc2ccccc21,CC1(C(=O)N2CCCC(C(N)=O)C2)CCc2ccccc21,Amidation,,
C152335,1,,,,NC(=O)C1CCCNC1,Cc1ccc2c(c1)CCC2C(=O)O,Cc1ccc2c(c1)CCC2C(=O)N1CCCC(C(N)=O)C1,Amidation,,
C124853,1,,,,NC(=O)C1(F)CCCNC1,Nc1cccc(CC(=O)O)c1,NC(=O)C1(F)CCCN(C(=O)Cc2cccc(N)c2)C1,Amidation,,
C152337,1,,,,O=C1NC2CNCC1C2,Cc1ccc2c(c1)CCC2C(=O)O,Cc1ccc2c(c1)CCC2C(=O)N1CC2CC(C1)C(=O)N2,Amidation,,
C156540,1,,,,C=C(C(=O)O)c1ccccc1,NNC(=O)C1CCNC1,C=C(C(=O)NNC(=O)C1CCNC1)c1ccccc1,Amidation,,
C156541,1,,,,C=C(C(=O)O)c1ccccc1,NNC(=O)C1CCNC1,C=C(C(=O)N1CCC(C(=O)NN)C1)c1ccccc1,Amidation,,
C156546,1,,,,O=C(O)Cc1cccc(Cl)c1,NNC(=O)C1CCNC1,NNC(=O)C1CCN(C(=O)Cc2cccc(Cl)c2)C1,Amidation,,
C156547,1,,,,O=C(O)Cc1cccc(Cl)c1,NNC(=O)C1CCNC1,O=C(Cc1cccc(Cl)c1)NNC(=O)C1CCNC1,Amidation,,
C156549,1,,,,O=C(O)Cc1cccc(Cl)c1,O=C1NCC2CNCC12,O=C1NCC2CN(C(=O)Cc3cccc(Cl)c3)CC12,Amidation,,
C156550,1,,,,C=C(C(=O)O)c1ccccc1,CNC(=O)C1CCNC1,C=C(C(=O)N1CCC(C(=O)NC)C1)c1ccccc1,Amidation,,
C122711,1,,,,O=C1NC2CNCC1C2,C[S+]([O-])c1ccccc1CC(=O)O,C[S+]([O-])c1ccccc1CC(=O)N1CC2CC(C1)C(=O)N2,Amidation,,
C124864,1,,,,NC(=O)C1CCCNC1,O=C(O)Cc1cccc(Br)c1F,NC(=O)C1CCCN(C(=O)Cc2cccc(Br)c2F)C1,Amidation,,
C156559,1,,,,C=C(C(=O)O)c1ccccc1,NC(=O)C1(F)CCNC1,C=C(C(=O)N1CCC(F)(C(N)=O)C1)c1ccccc1,Amidation,,
C136534,1,,,,Brc1ccc2c(c1)CCN2,Cc1ocnc1CCN,Cc1ocnc1CCNC(=O)N1CCc2cc(Br)ccc21,Formation_of_urea_from_two_amines,,
C152357,1,,,,NC(=O)C1CCCNC1,Cc1ccc2c(c1)C(C(=O)O)CC2,Cc1ccc2c(c1)C(C(=O)N1CCCC(C(N)=O)C1)CC2,Amidation,,
C128699,1,,,,N=c1ccnc(CCl)[nH]1,CC(=O)Nc1cc(N)ccc1O,CC(=O)Nc1cc(N)ccc1OCc1nccc(=N)[nH]1,Williamson_ether_synthesis,,
C124876,1,,,,O=C1NC2CNCC1C2,O=C(O)Cc1cccc(Br)c1F,O=C1NC2CC1CN(C(=O)Cc1cccc(Br)c1F)C2,Amidation,,
C152359,1,,,,O=C1NC2CNCC1C2,Cc1ccc2c(c1)C(C(=O)O)CC2,Cc1ccc2c(c1)C(C(=O)N1CC3CC(C1)C(=O)N3)CC2,Amidation,,
C156567,1,,,,C=C(C(=O)O)c1ccccc1,CC1(C(N)=O)CCNC1,C=C(C(=O)N1CCC(C)(C(N)=O)C1)c1ccccc1,Amidation,,
C136544,1,,,,CC(N)Cc1cocn1,Brc1ccc2c(c1)CCN2,CC(Cc1cocn1)NC(=O)N1CCc2cc(Br)ccc21,Formation_of_urea_from_two_amines,,
C124886,1,,,,NC(=O)C1(O)CCCNC1,O=C(O)Cc1cccc(O)c1,NC(=O)C1(O)CCCN(C(=O)Cc2cccc(O)c2)C1,Amidation,,
C124888,1,,,,CNC(=O)C1CCCNC1,O=C(O)Cc1cccc(O)c1,CNC(=O)C1CCCN(C(=O)Cc2cccc(O)c2)C1,Amidation,,
C124889,1,,,,CC1CNCC(C(N)=O)C1,O=C(O)Cc1cccc(O)c1,CC1CC(C(N)=O)CN(C(=O)Cc2cccc(O)c2)C1,Amidation,,
C124890,1,,,,CC1CCC(C(N)=O)CN1,O=C(O)Cc1cccc(O)c1,CC1CCC(C(N)=O)CN1C(=O)Cc1cccc(O)c1,Amidation,,
C152374,1,,,,NC(=O)C1CCCNC1,O=C(O)C1CCc2cccc(Cl)c21,NC(=O)C1CCCN(C(=O)C2CCc3cccc(Cl)c32)C1,Amidation,,
C156581,1,,,,O=C(O)C1Cc2ccccc21,NNC(=O)C1CCNC1,O=C(NNC(=O)C1Cc2ccccc21)C1CCNC1,Amidation,,
C152376,1,,,,O=C1NC2CNCC1C2,O=C(O)C1CCc2cccc(Cl)c21,O=C1NC2CC1CN(C(=O)C1CCc3cccc(Cl)c31)C2,Amidation,,
C156582,1,,,,O=C(O)C1Cc2ccccc21,NNC(=O)C1CCNC1,NNC(=O)C1CCN(C(=O)C2Cc3ccccc32)C1,Amidation,,
C124902,1,,,,NC(=O)C1(N)CCCNC1,Cc1ccccc1CC(=O)O,Cc1ccccc1CC(=O)NC1(C(N)=O)CCCNC1,Amidation,,
C124912,1,,,,NC(=O)C1(F)CCCNC1,O=C(O)Cc1cccc(O)c1,NC(=O)C1(F)CCCN(C(=O)Cc2cccc(O)c2)C1,Amidation,,
C156601,1,,,,O=C(O)C1Cc2ccccc21,CC1(C(N)=O)CCNC1,CC1(C(N)=O)CCN(C(=O)C2Cc3ccccc32)C1,Amidation,,
C156603,1,,,,O=C(O)C1Cc2ccccc21,CNC(=O)C1CCNC1,CNC(=O)C1CCN(C(=O)C2Cc3ccccc32)C1,Amidation,,
C124916,1,,,,NC(=O)C1(N)CCCNC1,O=C(O)Cc1cccc(O)c1,NC(=O)C1(N)CCCN(C(=O)Cc2cccc(O)c2)C1,Amidation,,
C156609,1,,,,O=C(O)C1Cc2ccccc21,O=C1NCC2CNCC12,O=C1NCC2CN(C(=O)C3Cc4ccccc43)CC12,Amidation,,
C158702,1,,,,Cc1ccc(CC(=O)O)cc1,NC(=O)C1C2CCNCC21,Cc1ccc(CC(=O)N2CCC3C(C2)C3C(N)=O)cc1,Amidation,,
C158711,1,,,,O=C(O)C(=O)c1ccccc1,NC(=O)C1C2CCNCC21,NC(=O)C1C2CCN(C(=O)C(=O)c3ccccc3)CC21,Amidation,,
C124935,1,,,,O=C1NCC2CCNCC12,O=C(O)Cc1cccc(O)c1,O=C1NCC2CCN(C(=O)Cc3cccc(O)c3)CC12,Amidation,,
C158716,1,,,,O=C(O)Cc1cccc(Cl)c1,NC(=O)C1C2CCNCC21,NC(=O)C1C2CCN(C(=O)Cc3cccc(Cl)c3)CC21,Amidation,,
C152420,1,,,,NC(=O)C1(F)CCCNC1,O=C(O)C1CCc2ccccc21,NC(=O)C1(F)CCCN(C(=O)C2CCc3ccccc32)C1,Amidation,,
C158733,1,,,,O=C(O)C(O)c1ccccc1,NC(=O)C1C2CCNCC21,NC(=O)C1C2CCN(C(=O)C(O)c3ccccc3)CC21,Amidation,,
C152440,1,,,,O=C1NCC2CCNCC12,O=C(O)C1CCc2ccccc21,O=C1NCC2CCN(C(=O)C3CCc4ccccc43)CC12,Amidation,,
C124960,1,,,,NC(=O)C1(N)CCCNC1,O=C(O)Cc1ccc(F)cc1,NC(=O)C1(NC(=O)Cc2ccc(F)cc2)CCCNC1,Amidation,,
C124961,1,,,,NC(=O)C1(N)CCCNC1,O=C(O)Cc1ccc(F)cc1,NC(=O)C1(N)CCCN(C(=O)Cc2ccc(F)cc2)C1,Amidation,,
C152445,1,,,,NC(=O)C1(N)CCCNC1,O=C(O)C1CCc2ccccc21,NC(=O)C1(NC(=O)C2CCc3ccccc32)CCCNC1,Amidation,,
C158743,1,,,,O=C(O)Cc1ccccc1F,NC(=O)C1C2CCNCC21,NC(=O)C1C2CCN(C(=O)Cc3ccccc3F)CC21,Amidation,,
C156657,1,,,,O=C(O)Cc1ccccc1I,NC(=O)C1(O)CCNC1,NC(=O)C1(O)CCN(C(=O)Cc2ccccc2I)C1,Amidation,,
C124968,1,,,,NC(=O)C1(O)CCCNC1,O=C(O)Cc1ccc(F)cc1,NC(=O)C1(O)CCCN(C(=O)Cc2ccc(F)cc2)C1,Amidation,,
C124970,1,,,,CNC(=O)C1CCCNC1,O=C(O)Cc1ccc(F)cc1,CNC(=O)C1CCCN(C(=O)Cc2ccc(F)cc2)C1,Amidation,,
C124971,1,,,,CC1CNCC(C(N)=O)C1,O=C(O)Cc1ccc(F)cc1,CC1CC(C(N)=O)CN(C(=O)Cc2ccc(F)cc2)C1,Amidation,,
C124972,1,,,,CC1CCC(C(N)=O)CN1,O=C(O)Cc1ccc(F)cc1,CC1CCC(C(N)=O)CN1C(=O)Cc1ccc(F)cc1,Amidation,,
C122846,1,,,,O=C1NCC2CCNCC12,O=C(O)C1CSc2ccccc21,O=C1NCC2CCN(C(=O)C3CSc4ccccc43)CC12,Amidation,,
C122847,1,,,,CC1CNCC(C(N)=O)C1,O=C(O)C1CSc2ccccc21,CC1CC(C(N)=O)CN(C(=O)C2CSc3ccccc32)C1,Amidation,,
C152453,1,,,,CC1CCC(C(N)=O)CN1,O=C(O)C1CCc2ccccc21,CC1CCC(C(N)=O)CN1C(=O)C1CCc2ccccc21,Amidation,,
C122849,1,,,,CC1CCC(C(N)=O)CN1,O=C(O)C1CSc2ccccc21,CC1CCC(C(N)=O)CN1C(=O)C1CSc2ccccc21,Amidation,,
C122850,1,,,,NC(=O)C1(F)CCCNC1,O=C(O)C1CSc2ccccc21,NC(=O)C1(F)CCCN(C(=O)C2CSc3ccccc32)C1,Amidation,,
C124976,1,,,,NC(=O)C1(F)CCCNC1,O=C(O)Cc1ccc(F)cc1,NC(=O)C1(F)CCCN(C(=O)Cc2ccc(F)cc2)C1,Amidation,,
C152455,1,,,,CC1CNCC(C(N)=O)C1,O=C(O)C1CCc2ccccc21,CC1CC(C(N)=O)CN(C(=O)C2CCc3ccccc32)C1,Amidation,,
C124980,1,,,,O=C1NCC2CCNCC12,O=C(O)Cc1ccc(F)cc1,O=C1NCC2CCN(C(=O)Cc3ccc(F)cc3)CC12,Amidation,,
C158756,1,,,,Nc1cccc(CC(=O)O)c1,NC(=O)C1C2CCNCC21,NC(=O)C1C2CCN(C(=O)Cc3cccc(N)c3)CC21,Amidation,,
C158761,1,,,,O=C(O)C1Cc2ccccc21,NC(=O)C1C2CCNCC21,NC(=O)C1C2CCN(C(=O)C3Cc4ccccc43)CC21,Amidation,,
C122856,1,,,,CNC(=O)C1CCCNC1,O=C(O)C1CSc2ccccc21,CNC(=O)C1CCCN(C(=O)C2CSc3ccccc32)C1,Amidation,,
C158767,1,,,,O=C(O)Cc1ccc(Cl)cc1,NC(=O)C1C2CCNCC21,NC(=O)C1C2CCN(C(=O)Cc3ccc(Cl)cc3)CC21,Amidation,,
C158769,1,,,,O=C(O)Cc1cccc(Br)c1,NC(=O)C1C2CCNCC21,NC(=O)C1C2CCN(C(=O)Cc3cccc(Br)c3)CC21,Amidation,,
C122859,1,,,,NC(=O)C1(O)CCCNC1,O=C(O)C1CSc2ccccc21,NC(=O)C1(O)CCCN(C(=O)C2CSc3ccccc32)C1,Amidation,,
C124988,1,,,,CC1CNCC(C(N)=O)C1,Cc1ccccc1CC(=O)O,Cc1ccccc1CC(=O)N1CC(C)CC(C(N)=O)C1,Amidation,,
C124989,1,,,,CC1CCC(C(N)=O)CN1,Cc1ccccc1CC(=O)O,Cc1ccccc1CC(=O)N1CC(C(N)=O)CCC1C,Amidation,,
C124993,1,,,,NC(=O)C1(F)CCCNC1,Cc1ccccc1CC(=O)O,Cc1ccccc1CC(=O)N1CCCC(F)(C(N)=O)C1,Amidation,,
C152482,1,,,,CNC(=O)C1CCCNC1,O=C(O)C1CCc2ccccc21,CNC(=O)C1CCCN(C(=O)C2CCc3ccccc32)C1,Amidation,,
C158784,1,,,,O=C(O)C(Br)c1ccccc1,NC(=O)C1C2CCNCC21,NC(=O)C1C2CCN(C(=O)C(Br)c3ccccc3)CC21,Amidation,,
C152485,1,,,,NC(=O)C1(O)CCCNC1,O=C(O)C1CCc2ccccc21,NC(=O)C1(O)CCCN(C(=O)C2CCc3ccccc32)C1,Amidation,,
C158789,1,,,,Cc1ccccc1CC(=O)O,NC(=O)C1C2CCNCC21,Cc1ccccc1CC(=O)N1CCC2C(C1)C2C(N)=O,Amidation,,
C158791,1,,,,O=C(O)Cc1cccc(O)c1,NC(=O)C1C2CCNCC21,NC(=O)C1C2CCN(C(=O)Cc3cccc(O)c3)CC21,Amidation,,
C158796,1,,,,O=C(O)Cc1ccccc1O,NC(=O)C1C2CCNCC21,NC(=O)C1C2CCN(C(=O)Cc3ccccc3O)CC21,Amidation,,
C125019,1,,,,NC(=O)C1(O)CCCNC1,Cc1ccccc1CC(=O)O,Cc1ccccc1CC(=O)N1CCCC(O)(C(N)=O)C1,Amidation,,
C125022,1,,,,O=C1NC2CNCC1C2,O=C(O)Cc1ccc(Br)cc1Br,O=C1NC2CC1CN(C(=O)Cc1ccc(Br)cc1Br)C2,Amidation,,
C158805,1,,,,Nc1ccccc1CC(=O)O,NC(=O)C1C2CCNCC21,NC(=O)C1C2CCN(C(=O)Cc3ccccc3N)CC21,Amidation,,
C125026,1,,,,NC(=O)C1(F)CCCNC1,O=C(O)Cc1cccc(Cl)c1,NC(=O)C1(F)CCCN(C(=O)Cc2cccc(Cl)c2)C1,Amidation,,
C125030,1,,,,O=C1NCC2CCNCC12,O=C(O)Cc1cccc(Cl)c1,O=C1NCC2CCN(C(=O)Cc3cccc(Cl)c3)CC12,Amidation,,
C125031,1,,,,CC1CCC(C(N)=O)CN1,O=C(O)Cc1cccc(Cl)c1,CC1CCC(C(N)=O)CN1C(=O)Cc1cccc(Cl)c1,Amidation,,
C122911,1,,,,O=C1NCC2CCNCC12,CSc1ccccc1CC(=O)O,CSc1ccccc1CC(=O)N1CCC2CNC(=O)C2C1,Amidation,,
C122913,1,,,,CC1CCC(C(N)=O)CN1,CSc1ccccc1CC(=O)O,CSc1ccccc1CC(=O)N1CC(C(N)=O)CCC1C,Amidation,,
C122914,1,,,,NC(=O)C1(F)CCCNC1,CSc1ccccc1CC(=O)O,CSc1ccccc1CC(=O)N1CCCC(F)(C(N)=O)C1,Amidation,,
C158821,1,,,,O=C(O)Cc1cccc(I)c1,NC(=O)C1C2CCNCC21,NC(=O)C1C2CCN(C(=O)Cc3cccc(I)c3)CC21,Amidation,,
C125041,1,,,,CC1CNCC(C(N)=O)C1,O=C(O)Cc1cccc(Cl)c1,CC1CC(C(N)=O)CN(C(=O)Cc2cccc(Cl)c2)C1,Amidation,,
C158826,1,,,,CC(C(=O)O)c1ccccc1,NC(=O)C1C2CCNCC21,CC(C(=O)N1CCC2C(C1)C2C(N)=O)c1ccccc1,Amidation,,
C150410,1,,,,O=C1NC2CNCC1C2,O=C(O)Cc1cccc(Cl)n1,O=C1NC2CC1CN(C(=O)Cc1cccc(Cl)n1)C2,Amidation,,
C122922,1,,,,NC(=O)C1(O)CCCNC1,CSc1ccccc1CC(=O)O,CSc1ccccc1CC(=O)N1CCCC(O)(C(N)=O)C1,Amidation,,
C122925,1,,,,CC1CNCC(C(N)=O)C1,CSc1ccccc1CC(=O)O,CSc1ccccc1CC(=O)N1CC(C)CC(C(N)=O)C1,Amidation,,
C125051,1,,,,CNC(=O)C1CCCNC1,O=C(O)Cc1cccc(Cl)c1,CNC(=O)C1CCCN(C(=O)Cc2cccc(Cl)c2)C1,Amidation,,
C150414,1,,,,NC(=O)C1CCCNC1,O=C(O)Cc1cccc(Cl)n1,NC(=O)C1CCCN(C(=O)Cc2cccc(Cl)n2)C1,Amidation,,
C150420,1,,,,NC(=O)C1CCCNC1,O=C(O)Cc1ncccc1F,NC(=O)C1CCCN(C(=O)Cc2ncccc2F)C1,Amidation,,
C125056,1,,,,NC(C(=O)O)c1ccccc1Cl,NC(=O)C1CCCNC1,NC(=O)C1CCCN(C(=O)C(N)c2ccccc2Cl)C1,Amidation,,
C150422,1,,,,O=C1NC2CNCC1C2,O=C(O)Cc1ncccc1F,O=C1NC2CC1CN(C(=O)Cc1ncccc1F)C2,Amidation,,
C158837,1,,,,O=C(O)C(Cl)c1ccccc1,NC(=O)C1C2CCNCC21,NC(=O)C1C2CCN(C(=O)C(Cl)c3ccccc3)CC21,Amidation,,
C125060,1,,,,NC(=O)C1(O)CCCNC1,O=C(O)Cc1cccc(Cl)c1,NC(=O)C1(O)CCCN(C(=O)Cc2cccc(Cl)c2)C1,Amidation,,
C156754,1,,,,O=C(O)Cc1ccccc1I,O=C1NCC2CNCC12,O=C1NCC2CN(C(=O)Cc3ccccc3I)CC12,Amidation,,
C122945,1,,,,NC(=O)C1(N)CCCNC1,CSc1ccccc1CC(=O)O,CSc1ccccc1CC(=O)NC1(C(N)=O)CCCNC1,Amidation,,
C125069,1,,,,O=C(O)C(Cl)c1ccccc1,CNC(=O)C1CCCNC1,CNC(=O)C1CCCN(C(=O)C(Cl)c2ccccc2)C1,Amidation,,
C125070,1,,,,O=C(O)C(Cl)c1ccccc1,CC1CNCC(C(N)=O)C1,CC1CC(C(N)=O)CN(C(=O)C(Cl)c2ccccc2)C1,Amidation,,
C125071,1,,,,O=C(O)C(Cl)c1ccccc1,CC1CCC(C(N)=O)CN1,CC1CCC(C(N)=O)CN1C(=O)C(Cl)c1ccccc1,Amidation,,
C156759,1,,,,O=C(O)Cc1ccccc1I,CNC(=O)C1CCNC1,CNC(=O)C1CCN(C(=O)Cc2ccccc2I)C1,Amidation,,
C158852,1,,,,C=C(C(=O)O)c1ccccc1,NC(=O)C1C2CCNCC21,C=C(C(=O)N1CCC2C(C1)C2C(N)=O)c1ccccc1,Amidation,,
C125075,1,,,,O=C(O)C(Cl)c1ccccc1,NC(=O)C1(F)CCCNC1,NC(=O)C1(F)CCCN(C(=O)C(Cl)c2ccccc2)C1,Amidation,,
C125076,1,,,,O=C(O)C(Cl)c1ccccc1,NC(=O)C1(O)CCCNC1,NC(=O)C1(O)CCCN(C(=O)C(Cl)c2ccccc2)C1,Amidation,,
C152556,1,,,,O=C1NCC2CCNCC12,O=C(O)C1CCc2cccc(Cl)c21,O=C1NCC2CCN(C(=O)C3CCc4cccc(Cl)c43)CC12,Amidation,,
C156768,1,,,,O=C(O)C(Cl)c1ccccc1,NNC(=O)C1CCNC1,NNC(=O)C1CCN(C(=O)C(Cl)c2ccccc2)C1,Amidation,,
C156769,1,,,,O=C(O)C(Cl)c1ccccc1,NNC(=O)C1CCNC1,O=C(NNC(=O)C(Cl)c1ccccc1)C1CCNC1,Amidation,,
C125083,1,,,,NC(=O)C1(N)CCCNC1,O=C(O)Cc1cccc(Cl)c1,NC(=O)C1(NC(=O)Cc2cccc(Cl)c2)CCCNC1,Amidation,,
C125084,1,,,,NC(=O)C1(N)CCCNC1,O=C(O)Cc1cccc(Cl)c1,NC(=O)C1(N)CCCN(C(=O)Cc2cccc(Cl)c2)C1,Amidation,,
C156771,1,,,,O=C(O)Cc1ccccc1I,CC1(C(N)=O)CCNC1,CC1(C(N)=O)CCN(C(=O)Cc2ccccc2I)C1,Amidation,,
C150460,1,,,,NC(=O)C1CCCNC1,O=C(O)Cc1ccc(O)cn1,NC(=O)C1CCCN(C(=O)Cc2ccc(O)cn2)C1,Amidation,,
C152568,1,,,,NC(=O)C1(N)CCCNC1,O=C(O)C1CCc2cccc(Cl)c21,NC(=O)C1(N)CCCN(C(=O)C2CCc3cccc(Cl)c32)C1,Amidation,,
C150462,1,,,,O=C1NC2CNCC1C2,O=C(O)Cc1ccc(O)cn1,O=C1NC2CC1CN(C(=O)Cc1ccc(O)cn1)C2,Amidation,,
C152571,1,,,,CNC(=O)C1CCCNC1,O=C(O)C1CCc2cccc(Cl)c21,CNC(=O)C1CCCN(C(=O)C2CCc3cccc(Cl)c32)C1,Amidation,,
C152572,1,,,,CC1CNCC(C(N)=O)C1,O=C(O)C1CCc2cccc(Cl)c21,CC1CC(C(N)=O)CN(C(=O)C2CCc3cccc(Cl)c32)C1,Amidation,,
C150467,1,,,,O=C1NC2CNCC1C2,Cc1ccnc(CC(=O)O)c1,Cc1ccnc(CC(=O)N2CC3CC(C2)C(=O)N3)c1,Amidation,,
C152573,1,,,,CC1CCC(C(N)=O)CN1,O=C(O)C1CCc2cccc(Cl)c21,CC1CCC(C(N)=O)CN1C(=O)C1CCc2cccc(Cl)c21,Amidation,,
C150469,1,,,,NC(=O)C1CCCNC1,Cc1ccnc(CC(=O)O)c1,Cc1ccnc(CC(=O)N2CCCC(C(N)=O)C2)c1,Amidation,,
C152577,1,,,,NC(=O)C1(F)CCCNC1,O=C(O)C1CCc2cccc(Cl)c21,NC(=O)C1(F)CCCN(C(=O)C2CCc3cccc(Cl)c32)C1,Amidation,,
C152579,1,,,,NC(=O)C1(O)CCCNC1,O=C(O)C1CCc2cccc(Cl)c21,NC(=O)C1(O)CCCN(C(=O)C2CCc3cccc(Cl)c32)C1,Amidation,,
C156789,1,,,,NC(C(=O)O)c1cccc(Cl)c1,NC(=O)C1CCNC1,NC(=O)C1CCN(C(=O)C(N)c2cccc(Cl)c2)C1,Amidation,,
C158881,1,,,,O=C(O)Cc1ccccc1I,NC(=O)C1C2CCNCC21,NC(=O)C1C2CCN(C(=O)Cc3ccccc3I)CC21,Amidation,,
C156792,1,,,,O=C(O)C1Cc2ccccc21,NC(=O)C1(O)CCNC1,NC(=O)C1(O)CCN(C(=O)C2Cc3ccccc32)C1,Amidation,,
C156796,1,,,,O=C(O)C1Cc2ccccc21,NC(=O)C1(F)CCNC1,NC(=O)C1(F)CCN(C(=O)C2Cc3ccccc32)C1,Amidation,,
C156799,1,,,,O=C(O)Cc1ccccc1I,NNC(=O)C1CCNC1,NNC(=O)C1CCN(C(=O)Cc2ccccc2I)C1,Amidation,,
C156800,1,,,,O=C(O)Cc1ccccc1I,NNC(=O)C1CCNC1,O=C(Cc1ccccc1I)NNC(=O)C1CCNC1,Amidation,,
C122996,1,,,,CNC(=O)C1CCCNC1,O=C(O)C1CCSc2ccccc21,CNC(=O)C1CCCN(C(=O)C2CCSc3ccccc32)C1,Amidation,,
C158897,1,,,,O=C(O)Cc1ccc(F)cc1,NC(=O)C1C2CCNCC21,NC(=O)C1C2CCN(C(=O)Cc3ccc(F)cc3)CC21,Amidation,,
C123011,1,,,,NC(=O)C1(O)CCCNC1,O=C(O)C1CCSc2ccccc21,NC(=O)C1(O)CCCN(C(=O)C2CCSc3ccccc32)C1,Amidation,,
C150509,1,,,,NC(=O)C1(N)CCCNC1,O=C(O)Cc1ccccn1,NC(=O)C1(NC(=O)Cc2ccccn2)CCCNC1,Amidation,,
C156826,1,,,,Nc1cccc(C(O)C(=O)O)c1,O=C1NCC2CNCC12,Nc1cccc(C(O)C(=O)N2CC3CNC(=O)C3C2)c1,Amidation,,
C150537,1,,,,NC(=O)C1(F)CCCNC1,O=C(O)Cc1ccccn1,NC(=O)C1(F)CCCN(C(=O)Cc2ccccn2)C1,Amidation,,
C125167,1,,,,NC(C(=O)O)c1ccccc1Cl,O=C1NC2CNCC1C2,NC(C(=O)N1CC2CC(C1)C(=O)N2)c1ccccc1Cl,Amidation,,
C156857,1,,,,Nc1cccc(C(O)C(=O)O)c1,NNC(=O)C1CCNC1,NNC(=O)C1CCN(C(=O)C(O)c2cccc(N)c2)C1,Amidation,,
C156858,1,,,,Nc1cccc(C(O)C(=O)O)c1,NNC(=O)C1CCNC1,Nc1cccc(C(O)C(=O)NNC(=O)C2CCNC2)c1,Amidation,,
C125179,1,,,,O=C(O)C(Cl)c1ccccc1,O=C1NCC2CCNCC12,O=C1NCC2CCN(C(=O)C(Cl)c3ccccc3)CC12,Amidation,,
C123060,1,,,,NC(=O)C1(N)CCCNC1,O=C(O)C1CCSc2ccccc21,NC(=O)C1(N)CCCN(C(=O)C2CCSc3ccccc32)C1,Amidation,,
C150561,1,,,,NC(=O)C1(N)CCCNC1,O=C(O)Cc1ccccn1,NC(=O)C1(N)CCCN(C(=O)Cc2ccccn2)C1,Amidation,,
C150563,1,,,,NC(=O)C1CCCNC1,O=C(O)Cc1ccc(Br)cn1,NC(=O)C1CCCN(C(=O)Cc2ccc(Br)cn2)C1,Amidation,,
C156867,1,,,,Nc1cccc(C(O)C(=O)O)c1,CNC(=O)C1CCNC1,CNC(=O)C1CCN(C(=O)C(O)c2cccc(N)c2)C1,Amidation,,
C156869,1,,,,Nc1cccc(C(O)C(=O)O)c1,CC1(C(N)=O)CCNC1,CC1(C(N)=O)CCN(C(=O)C(O)c2cccc(N)c2)C1,Amidation,,
C152661,1,,,,O=C1NCC2CCNCC12,Cc1ccc2c(c1)C(C(=O)O)CC2,Cc1ccc2c(c1)C(C(=O)N1CCC3CNC(=O)C3C1)CC2,Amidation,,
C127177,1,,,,ClCc1ncc(Cl)cn1,CC(=O)Nc1cc(N)ccc1O,CC(=O)Nc1cc(N)ccc1OCc1ncc(Cl)cn1,Williamson_ether_synthesis,,
C150569,1,,,,O=C1NC2CNCC1C2,O=C(O)Cc1ccc(Br)cn1,O=C1NC2CC1CN(C(=O)Cc1ccc(Br)cn1)C2,Amidation,,
C152662,1,,,,NC(=O)C1(O)CCCNC1,Cc1ccc2c(c1)C(C(=O)O)CC2,Cc1ccc2c(c1)C(C(=O)N1CCCC(O)(C(N)=O)C1)CC2,Amidation,,
C152663,1,,,,CNC(=O)C1CCCNC1,Cc1ccc2c(c1)C(C(=O)O)CC2,CNC(=O)C1CCCN(C(=O)C2CCc3ccc(C)cc32)C1,Amidation,,
C152664,1,,,,CC1CNCC(C(N)=O)C1,Cc1ccc2c(c1)C(C(=O)O)CC2,Cc1ccc2c(c1)C(C(=O)N1CC(C)CC(C(N)=O)C1)CC2,Amidation,,
C152665,1,,,,CC1CCC(C(N)=O)CN1,Cc1ccc2c(c1)C(C(=O)O)CC2,Cc1ccc2c(c1)C(C(=O)N1CC(C(N)=O)CCC1C)CC2,Amidation,,
C152669,1,,,,NC(=O)C1(F)CCCNC1,Cc1ccc2c(c1)C(C(=O)O)CC2,Cc1ccc2c(c1)C(C(=O)N1CCCC(F)(C(N)=O)C1)CC2,Amidation,,
C150578,1,,,,CC1CCC(C(N)=O)CN1,O=C(O)Cc1ccccn1,CC1CCC(C(N)=O)CN1C(=O)Cc1ccccn1,Amidation,,
C150579,1,,,,NC(=O)C1(O)CCCNC1,O=C(O)Cc1ccccn1,NC(=O)C1(O)CCCN(C(=O)Cc2ccccn2)C1,Amidation,,
C150581,1,,,,CNC(=O)C1CCCNC1,O=C(O)Cc1ccccn1,CNC(=O)C1CCCN(C(=O)Cc2ccccn2)C1,Amidation,,
C150582,1,,,,CC1CNCC(C(N)=O)C1,O=C(O)Cc1ccccn1,CC1CC(C(N)=O)CN(C(=O)Cc2ccccn2)C1,Amidation,,
C123083,1,,,,NC(=O)C1(N)CCCNC1,O=C(O)C1CCSc2ccccc21,NC(=O)C1(NC(=O)C2CCSc3ccccc32)CCCNC1,Amidation,,
C138958,1,,,,CC(N)Cc1cocn1,NC1C(=O)Nc2ccccc21,CC(Cc1cocn1)NC(=O)NC1C(=O)Nc2ccccc21,Formation_of_urea_from_two_amines,,
C156920,1,,,,O=C(O)Cc1ccc(Br)cc1Br,NC(=O)C1(O)CCNC1,NC(=O)C1(O)CCN(C(=O)Cc2ccc(Br)cc2Br)C1,Amidation,,
C138960,1,,,,Cc1ocnc1CCN,NC1C(=O)Nc2ccccc21,Cc1ocnc1CCNC(=O)NC1C(=O)Nc2ccccc21,Formation_of_urea_from_two_amines,,
C127205,1,,,,ClCc1ncc(Cl)cn1,CC(=O)Nc1cc(N)ccc1O,CC(=O)Nc1cc(N)ccc1Oc1cnc(CCl)nc1,Williamson_ether_synthesis,,
C123119,1,,,,CC1CCC(C(N)=O)CN1,O=C(O)C1CCSc2ccccc21,CC1CCC(C(N)=O)CN1C(=O)C1CCSc2ccccc21,Amidation,,
C146304,1,,,,NC(=O)C1CCCNC1,O=C(O)C1CCOc2ccc(Br)cc21,NC(=O)C1CCCN(C(=O)C2CCOc3ccc(Br)cc32)C1,Amidation,,
C146306,1,,,,O=C1NC2CNCC1C2,O=C(O)C1CCOc2ccc(Br)cc21,O=C1NC2CC1CN(C(=O)C1CCOc3ccc(Br)cc31)C2,Amidation,,
C123122,1,,,,NC(=O)C1(F)CCCNC1,O=C(O)C1CCSc2ccccc21,NC(=O)C1(F)CCCN(C(=O)C2CCSc3ccccc32)C1,Amidation,,
C156929,1,,,,O=C(O)Cc1ccc(Br)cc1Br,NNC(=O)C1CCNC1,O=C(Cc1ccc(Br)cc1Br)NNC(=O)C1CCNC1,Amidation,,
C156931,1,,,,O=C(O)Cc1ccc(Br)cc1Br,NNC(=O)C1CCNC1,NNC(=O)C1CCN(C(=O)Cc2ccc(Br)cc2Br)C1,Amidation,,
C156939,1,,,,Nc1cccc(C(O)C(=O)O)c1,NC(=O)C1(O)CCNC1,NC(=O)C1(O)CCN(C(=O)C(O)c2cccc(N)c2)C1,Amidation,,
C125258,1,,,,O=C(O)C(Cl)c1ccccc1,NC(=O)C1(N)CCCNC1,NC(=O)C1(NC(=O)C(Cl)c2ccccc2)CCCNC1,Amidation,,
C146327,1,,,,NC(=O)C1(N)CCCNC1,O=C(O)C1CCOc2ccccc21,NC(=O)C1(NC(=O)C2CCOc3ccccc32)CCCNC1,Amidation,,
C146328,1,,,,NC(=O)C1(N)CCCNC1,O=C(O)C1CCOc2ccccc21,NC(=O)C1(N)CCCN(C(=O)C2CCOc3ccccc32)C1,Amidation,,
C156943,1,,,,Nc1cccc(C(O)C(=O)O)c1,NC(=O)C1(F)CCNC1,NC(=O)C1(F)CCN(C(=O)C(O)c2cccc(N)c2)C1,Amidation,,
C156947,1,,,,Nc1ccc(C(O)C(=O)O)cc1,NNC(=O)C1CCNC1,NNC(=O)C1CCN(C(=O)C(O)c2ccc(N)cc2)C1,Amidation,,
C156948,1,,,,Nc1ccc(C(O)C(=O)O)cc1,NNC(=O)C1CCNC1,Nc1ccc(C(O)C(=O)NNC(=O)C2CCNC2)cc1,Amidation,,
C123147,1,,,,O=C1NCC2CCNCC12,O=C(O)C1CCSc2ccccc21,O=C1NCC2CCN(C(=O)C3CCSc4ccccc43)CC12,Amidation,,
C156951,1,,,,O=C(O)Cc1ccc(Br)cc1Br,O=C1NCC2CNCC12,O=C1NCC2CN(C(=O)Cc3ccc(Br)cc3Br)CC12,Amidation,,
C123149,1,,,,CC1CNCC(C(N)=O)C1,O=C(O)C1CCSc2ccccc21,CC1CC(C(N)=O)CN(C(=O)C2CCSc3ccccc32)C1,Amidation,,
C125269,1,,,,NC(=O)C1(O)CCCNC1,O=C(O)C1Cc2ccccc21,NC(=O)C1(O)CCCN(C(=O)C2Cc3ccccc32)C1,Amidation,,
C156954,1,,,,O=C(O)Cc1ccc(Br)cc1Br,CNC(=O)C1CCNC1,CNC(=O)C1CCN(C(=O)Cc2ccc(Br)cc2Br)C1,Amidation,,
C156956,1,,,,O=C(O)Cc1ccc(Br)cc1Br,CC1(C(N)=O)CCNC1,CC1(C(N)=O)CCN(C(=O)Cc2ccc(Br)cc2Br)C1,Amidation,,
C156959,1,,,,Nc1ccc(C(O)C(=O)O)cc1,CC1(C(N)=O)CCNC1,CC1(C(N)=O)CCN(C(=O)C(O)c2ccc(N)cc2)C1,Amidation,,
C127224,1,,,,ClCc1ncc(Cl)cn1,NC(=O)Nc1ccc(Br)cc1O,NC(=O)Nc1ccc(Br)cc1OCc1ncc(Cl)cn1,Williamson_ether_synthesis,,
C125278,1,,,,NC(=O)C1(N)CCCNC1,O=C(O)C1Cc2ccccc21,NC(=O)C1(NC(=O)C2Cc3ccccc32)CCCNC1,Amidation,,
C127225,1,,,,ClCc1ncc(Cl)cn1,NC(=O)Nc1ccc(Br)cc1O,NC(=O)Nc1ccc(Br)cc1Oc1cnc(CCl)nc1,Williamson_ether_synthesis,,
C125280,1,,,,NC(=O)C1(N)CCCNC1,O=C(O)C1Cc2ccccc21,NC(=O)C1(N)CCCN(C(=O)C2Cc3ccccc32)C1,Amidation,,
C156961,1,,,,Nc1ccc(C(O)C(=O)O)cc1,CNC(=O)C1CCNC1,CNC(=O)C1CCN(C(=O)C(O)c2ccc(N)cc2)C1,Amidation,,
C125289,1,,,,CNC(=O)C1CCCNC1,O=C(O)C1Cc2ccccc21,CNC(=O)C1CCCN(C(=O)C2Cc3ccccc32)C1,Amidation,,
C125290,1,,,,CC1CNCC(C(N)=O)C1,O=C(O)C1Cc2ccccc21,CC1CC(C(N)=O)CN(C(=O)C2Cc3ccccc32)C1,Amidation,,
C125291,1,,,,CC1CCC(C(N)=O)CN1,O=C(O)C1Cc2ccccc21,CC1CCC(C(N)=O)CN1C(=O)C1Cc2ccccc21,Amidation,,
C146365,1,,,,NC(=O)C1(O)CCCNC1,O=C(O)C1CCOc2ccccc21,NC(=O)C1(O)CCCN(C(=O)C2CCOc3ccccc32)C1,Amidation,,
C156973,1,,,,Nc1ccc(C(O)C(=O)O)cc1,O=C1NCC2CNCC12,Nc1ccc(C(O)C(=O)N2CC3CNC(=O)C3C2)cc1,Amidation,,
C146367,1,,,,CNC(=O)C1CCCNC1,O=C(O)C1CCOc2ccccc21,CNC(=O)C1CCCN(C(=O)C2CCOc3ccccc32)C1,Amidation,,
C125295,1,,,,NC(=O)C1(F)CCCNC1,O=C(O)C1Cc2ccccc21,NC(=O)C1(F)CCCN(C(=O)C2Cc3ccccc32)C1,Amidation,,
C146368,1,,,,CC1CNCC(C(N)=O)C1,O=C(O)C1CCOc2ccccc21,CC1CC(C(N)=O)CN(C(=O)C2CCOc3ccccc32)C1,Amidation,,
C146369,1,,,,CC1CCC(C(N)=O)CN1,O=C(O)C1CCOc2ccccc21,CC1CCC(C(N)=O)CN1C(=O)C1CCOc2ccccc21,Amidation,,
C156977,1,,,,O=C(O)Cc1ccc(Br)cc1Br,NC(=O)C1(F)CCNC1,NC(=O)C1(F)CCN(C(=O)Cc2ccc(Br)cc2Br)C1,Amidation,,
C125299,1,,,,O=C1NCC2CCNCC12,O=C(O)C1Cc2ccccc21,O=C1NCC2CCN(C(=O)C3Cc4ccccc43)CC12,Amidation,,
C146373,1,,,,NC(=O)C1(F)CCCNC1,O=C(O)C1CCOc2ccccc21,NC(=O)C1(F)CCCN(C(=O)C2CCOc3ccccc32)C1,Amidation,,
C156993,1,,,,Nc1ccc(C(O)C(=O)O)cc1,NC(=O)C1(O)CCNC1,NC(=O)C1(O)CCN(C(=O)C(O)c2ccc(N)cc2)C1,Amidation,,
C150704,1,,,,CC1CNCC(C(N)=O)C1,Cc1ccnc(CC(=O)O)c1,Cc1ccnc(CC(=O)N2CC(C)CC(C(N)=O)C2)c1,Amidation,,
C150705,1,,,,CC1CCC(C(N)=O)CN1,Cc1ccnc(CC(=O)O)c1,Cc1ccnc(CC(=O)N2CC(C(N)=O)CCC2C)c1,Amidation,,
C146392,1,,,,O=C1NCC2CCNCC12,O=C(O)C1CCOc2ccccc21,O=C1NCC2CCN(C(=O)C3CCOc4ccccc43)CC12,Amidation,,
C150709,1,,,,NC(=O)C1(F)CCCNC1,Cc1ccnc(CC(=O)O)c1,Cc1ccnc(CC(=O)N2CCCC(F)(C(N)=O)C2)c1,Amidation,,
C150710,1,,,,CNC(=O)C1CCCNC1,Cc1ccnc(CC(=O)O)c1,CNC(=O)C1CCCN(C(=O)Cc2cc(C)ccn2)C1,Amidation,,
C150713,1,,,,O=C1NCC2CCNCC12,Cc1ccnc(CC(=O)O)c1,Cc1ccnc(CC(=O)N2CCC3CNC(=O)C3C2)c1,Amidation,,
C125329,1,,,,NC(=O)C1(N)CCCNC1,O=C(O)C(Br)c1ccccc1,NC(=O)C1(N)CCCN(C(=O)C(Br)c2ccccc2)C1,Amidation,,
C146407,1,,,,NC(=O)C1CCCNC1,O=C(O)C1CCOc2c(F)cccc21,NC(=O)C1CCCN(C(=O)C2CCOc3c(F)cccc32)C1,Amidation,,
C146409,1,,,,O=C1NC2CNCC1C2,O=C(O)C1CCOc2c(F)cccc21,O=C1NC2CC1CN(C(=O)C1CCOc3c(F)cccc31)C2,Amidation,,
C150720,1,,,,NC(=O)C1(O)CCCNC1,Cc1ccnc(CC(=O)O)c1,Cc1ccnc(CC(=O)N2CCCC(O)(C(N)=O)C2)c1,Amidation,,
C157019,1,,,,O=C(O)C1Cc2ccccc21,NNC(=O)C1CNC(=O)C1,O=C1CC(C(=O)NNC(=O)C2Cc3ccccc32)CN1,Amidation,,
C125340,1,,,,NC(=O)C1(O)CCCNC1,O=C(O)C(Br)c1ccccc1,NC(=O)C1(O)CCCN(C(=O)C(Br)c2ccccc2)C1,Amidation,,
C125341,1,,,,O=C1NCC2CCNCC12,O=C(O)C(Br)c1ccccc1,O=C1NCC2CCN(C(=O)C(Br)c3ccccc3)CC12,Amidation,,
C125343,1,,,,CC1CNCC(C(N)=O)C1,O=C(O)C(Br)c1ccccc1,CC1CC(C(N)=O)CN(C(=O)C(Br)c2ccccc2)C1,Amidation,,
C125344,1,,,,CC1CCC(C(N)=O)CN1,O=C(O)C(Br)c1ccccc1,CC1CCC(C(N)=O)CN1C(=O)C(Br)c1ccccc1,Amidation,,
C125348,1,,,,NC(=O)C1(F)CCCNC1,O=C(O)C(Br)c1ccccc1,NC(=O)C1(F)CCCN(C(=O)C(Br)c2ccccc2)C1,Amidation,,
C157030,1,,,,Nc1ccc(C(O)C(=O)O)cc1,NC(=O)C1(F)CCNC1,NC(=O)C1(F)CCN(C(=O)C(O)c2ccc(N)cc2)C1,Amidation,,
C125351,1,,,,CNC(=O)C1CCCNC1,O=C(O)C(Br)c1ccccc1,CNC(=O)C1CCCN(C(=O)C(Br)c2ccccc2)C1,Amidation,,
C125359,1,,,,NC(=O)C1(F)CCCNC1,O=C(O)Cc1cccc(Br)c1,NC(=O)C1(F)CCCN(C(=O)Cc2cccc(Br)c2)C1,Amidation,,
C148589,1,,,,NC(=O)C1CCCNC1,CCOc1cccnc1CC(=O)O,CCOc1cccnc1CC(=O)N1CCCC(C(N)=O)C1,Amidation,,
C148591,1,,,,O=C1NC2CNCC1C2,CCOc1cccnc1CC(=O)O,CCOc1cccnc1CC(=O)N1CC2CC(C1)C(=O)N2,Amidation,,
C156661,1,,,,O=C(O)Cc1ccccc1I,NC(=O)C1(F)CCNC1,NC(=O)C1(F)CCN(C(=O)Cc2ccccc2I)C1,Amidation,,
C125363,1,,,,O=C1NCC2CCNCC12,O=C(O)Cc1cccc(Br)c1,O=C1NCC2CCN(C(=O)Cc3cccc(Br)c3)CC12,Amidation,,
C125364,1,,,,CC1CCC(C(N)=O)CN1,O=C(O)Cc1cccc(Br)c1,CC1CCC(C(N)=O)CN1C(=O)Cc1cccc(Br)c1,Amidation,,
C154894,1,,,,CNC(=O)C1CCCNC1,CSc1ccccc1CC(=O)O,CNC(=O)C1CCCN(C(=O)Cc2ccccc2SC)C1,Amidation,,
C125373,1,,,,CC1CNCC(C(N)=O)C1,O=C(O)Cc1cccc(Br)c1,CC1CC(C(N)=O)CN(C(=O)Cc2cccc(Br)c2)C1,Amidation,,
C134800,1,,,,NC(=O)C1(N)CCCNC1,Cn1nccc1CC(=O)O,Cn1nccc1CC(=O)NC1(C(N)=O)CCCNC1,Amidation,,
C125383,1,,,,CNC(=O)C1CCCNC1,O=C(O)Cc1cccc(Br)c1,CNC(=O)C1CCCN(C(=O)Cc2cccc(Br)c2)C1,Amidation,,
C150767,1,,,,NC(=O)C1(N)CCCNC1,Cc1ccnc(CC(=O)O)c1,Cc1ccnc(CC(=O)NC2(C(N)=O)CCCNC2)c1,Amidation,,
C150768,1,,,,NC(=O)C1(N)CCCNC1,Cc1ccnc(CC(=O)O)c1,Cc1ccnc(CC(=O)N2CCCC(N)(C(N)=O)C2)c1,Amidation,,
C125390,1,,,,NC(=O)C1(O)CCCNC1,O=C(O)Cc1cccc(Br)c1,NC(=O)C1(O)CCCN(C(=O)Cc2cccc(Br)c2)C1,Amidation,,
C157100,1,,,,NC(C(=O)O)c1ccc(O)cc1,O=C1NCC2CNCC12,NC(C(=O)N1CC2CNC(=O)C2C1)c1ccc(O)cc1,Amidation,,
C148666,1,,,,O=C1NCC2CCNCC12,COc1cccnc1CC(=O)O,COc1cccnc1CC(=O)N1CCC2CNC(=O)C2C1,Amidation,,
C148668,1,,,,NC(=O)C1(N)CCCNC1,COc1cccnc1CC(=O)O,COc1cccnc1CC(=O)N1CCCC(N)(C(N)=O)C1,Amidation,,
C157111,1,,,,NC(C(=O)O)c1ccc(O)cc1,NNC(=O)C1CCNC1,NNC(=O)C1CCN(C(=O)C(N)c2ccc(O)cc2)C1,Amidation,,
C157123,1,,,,NC(C(=O)O)c1ccc(O)cc1,NNC(=O)C1CCNC1,NC(C(=O)NNC(=O)C1CCNC1)c1ccc(O)cc1,Amidation,,
C152915,1,,,,NC(=O)C1(N)CCCNC1,CC1(C(=O)O)CCc2ccccc21,CC1(C(=O)N2CCCC(N)(C(N)=O)C2)CCc2ccccc21,Amidation,,
C157125,1,,,,NC(C(=O)O)c1ccc(O)cc1,CNC(=O)C1CCNC1,CNC(=O)C1CCN(C(=O)C(N)c2ccc(O)cc2)C1,Amidation,,
C157126,1,,,,NC(C(=O)O)c1ccc(O)cc1,CC1(C(N)=O)CCNC1,CC1(C(N)=O)CCN(C(=O)C(N)c2ccc(O)cc2)C1,Amidation,,
C159220,1,,,,NC(C(=O)O)c1cccc(Cl)c1,NC(=O)C1C2CCNCC21,NC(=O)C1C2CCN(C(=O)C(N)c3cccc(Cl)c3)CC21,Amidation,,
C152929,1,,,,NC(=O)C1(O)CCCNC1,CC1(C(=O)O)CCc2ccccc21,CC1(C(=O)N2CCCC(O)(C(N)=O)C2)CCc2ccccc21,Amidation,,
C152931,1,,,,CNC(=O)C1CCCNC1,CC1(C(=O)O)CCc2ccccc21,CNC(=O)C1CCCN(C(=O)C2(C)CCc3ccccc32)C1,Amidation,,
C152932,1,,,,CC1CNCC(C(N)=O)C1,CC1(C(=O)O)CCc2ccccc21,CC1CC(C(N)=O)CN(C(=O)C2(C)CCc3ccccc32)C1,Amidation,,
C152933,1,,,,CC1CCC(C(N)=O)CN1,CC1(C(=O)O)CCc2ccccc21,CC1CCC(C(N)=O)CN1C(=O)C1(C)CCc2ccccc21,Amidation,,
C157143,1,,,,NC(C(=O)O)c1ccc(O)cc1,NC(=O)C1(O)CCNC1,NC(=O)C1(O)CCN(C(=O)C(N)c2ccc(O)cc2)C1,Amidation,,
C152937,1,,,,NC(=O)C1(F)CCCNC1,CC1(C(=O)O)CCc2ccccc21,CC1(C(=O)N2CCCC(F)(C(N)=O)C2)CCc2ccccc21,Amidation,,
C157147,1,,,,NC(C(=O)O)c1ccc(O)cc1,NC(=O)C1(F)CCNC1,NC(=O)C1(F)CCN(C(=O)C(N)c2ccc(O)cc2)C1,Amidation,,
C134894,1,,,,NC(=O)C1(O)CCCNC1,Cn1nccc1CC(=O)O,Cn1nccc1CC(=O)N1CCCC(O)(C(N)=O)C1,Amidation,,
C152941,1,,,,O=C1NCC2CCNCC12,CC1(C(=O)O)CCc2ccccc21,CC1(C(=O)N2CCC3CNC(=O)C3C2)CCc2ccccc21,Amidation,,
C148717,1,,,,CC1CCC(C(N)=O)CN1,COc1cccnc1CC(=O)O,COc1cccnc1CC(=O)N1CC(C(N)=O)CCC1C,Amidation,,
C148719,1,,,,CNC(=O)C1CCCNC1,COc1cccnc1CC(=O)O,CNC(=O)C1CCCN(C(=O)Cc2ncccc2OC)C1,Amidation,,
C148721,1,,,,NC(=O)C1(O)CCCNC1,COc1cccnc1CC(=O)O,COc1cccnc1CC(=O)N1CCCC(O)(C(N)=O)C1,Amidation,,
C134905,1,,,,CC1CNCC(C(N)=O)C1,Cn1nccc1CC(=O)O,CC1CC(C(N)=O)CN(C(=O)Cc2ccnn2C)C1,Amidation,,
C134906,1,,,,CC1CCC(C(N)=O)CN1,Cn1nccc1CC(=O)O,CC1CCC(C(N)=O)CN1C(=O)Cc1ccnn1C,Amidation,,
C134910,1,,,,NC(=O)C1(F)CCCNC1,Cn1nccc1CC(=O)O,Cn1nccc1CC(=O)N1CCCC(F)(C(N)=O)C1,Amidation,,
C148738,1,,,,CC1CNCC(C(N)=O)C1,COc1cccnc1CC(=O)O,COc1cccnc1CC(=O)N1CC(C)CC(C(N)=O)C1,Amidation,,
C148739,1,,,,NC(=O)C1(F)CCCNC1,COc1cccnc1CC(=O)O,COc1cccnc1CC(=O)N1CCCC(F)(C(N)=O)C1,Amidation,,
C152967,1,,,,NC(=O)C1(N)CCCNC1,Cc1ccc2c(c1)CCC2C(=O)O,Cc1ccc2c(c1)CCC2C(=O)N1CCCC(N)(C(N)=O)C1,Amidation,,
C159268,1,,,,O=C(O)Cc1cccc(Br)c1F,NC(=O)C1C2CCNCC21,NC(=O)C1C2CCN(C(=O)Cc3cccc(Br)c3F)CC21,Amidation,,
C152970,1,,,,O=C1NCC2CCNCC12,Cc1ccc2c(c1)CCC2C(=O)O,Cc1ccc2c(c1)CCC2C(=O)N1CCC2CNC(=O)C2C1,Amidation,,
C125514,1,,,,NC(=O)C1(O)CCCNC1,O=C(O)Cc1ccc(Cl)cc1,NC(=O)C1(O)CCCN(C(=O)Cc2ccc(Cl)cc2)C1,Amidation,,
C125516,1,,,,CNC(=O)C1CCCNC1,O=C(O)Cc1ccc(Cl)cc1,CNC(=O)C1CCCN(C(=O)Cc2ccc(Cl)cc2)C1,Amidation,,
C125517,1,,,,CC1CNCC(C(N)=O)C1,O=C(O)Cc1ccc(Cl)cc1,CC1CC(C(N)=O)CN(C(=O)Cc2ccc(Cl)cc2)C1,Amidation,,
C152983,1,,,,CNC(=O)C1CCCNC1,Cc1ccc2c(c1)CCC2C(=O)O,CNC(=O)C1CCCN(C(=O)C2CCc3cc(C)ccc32)C1,Amidation,,
C125519,1,,,,CC1CCC(C(N)=O)CN1,O=C(O)Cc1ccc(Cl)cc1,CC1CCC(C(N)=O)CN1C(=O)Cc1ccc(Cl)cc1,Amidation,,
C152984,1,,,,CC1CNCC(C(N)=O)C1,Cc1ccc2c(c1)CCC2C(=O)O,Cc1ccc2c(c1)CCC2C(=O)N1CC(C)CC(C(N)=O)C1,Amidation,,
C152985,1,,,,CC1CCC(C(N)=O)CN1,Cc1ccc2c(c1)CCC2C(=O)O,Cc1ccc2c(c1)CCC2C(=O)N1CC(C(N)=O)CCC1C,Amidation,,
C125522,1,,,,NC(=O)C1(F)CCCNC1,O=C(O)Cc1ccc(Cl)cc1,NC(=O)C1(F)CCCN(C(=O)Cc2ccc(Cl)cc2)C1,Amidation,,
C152989,1,,,,NC(=O)C1(F)CCCNC1,Cc1ccc2c(c1)CCC2C(=O)O,Cc1ccc2c(c1)CCC2C(=O)N1CCCC(F)(C(N)=O)C1,Amidation,,
C125526,1,,,,O=C1NCC2CCNCC12,O=C(O)Cc1ccc(Cl)cc1,O=C1NCC2CCN(C(=O)Cc3ccc(Cl)cc3)CC12,Amidation,,
C152991,1,,,,NC(=O)C1(O)CCCNC1,Cc1ccc2c(c1)CCC2C(=O)O,Cc1ccc2c(c1)CCC2C(=O)N1CCCC(O)(C(N)=O)C1,Amidation,,
C153010,1,,,,NC(=O)C1(O)CCCNC1,O=C(O)C1CCc2ccc(Cl)cc21,NC(=O)C1(O)CCCN(C(=O)C2CCc3ccc(Cl)cc32)C1,Amidation,,
C153028,1,,,,NC(=O)C1(N)CCCNC1,O=C(O)C1CCc2cccc(Br)c21,NC(=O)C1(NC(=O)C2CCc3cccc(Br)c32)CCCNC1,Amidation,,
C153034,1,,,,CNC(=O)C1CCCNC1,O=C(O)C1CCc2ccc(Cl)cc21,CNC(=O)C1CCCN(C(=O)C2CCc3ccc(Cl)cc32)C1,Amidation,,
C125573,1,,,,NC(=O)C1(N)CCCNC1,O=C(O)Cc1cccc(Br)c1,NC(=O)C1(NC(=O)Cc2cccc(Br)c2)CCCNC1,Amidation,,
C125574,1,,,,NC(=O)C1(N)CCCNC1,O=C(O)Cc1cccc(Br)c1,NC(=O)C1(N)CCCN(C(=O)Cc2cccc(Br)c2)C1,Amidation,,
C153035,1,,,,CC1CNCC(C(N)=O)C1,O=C(O)C1CCc2ccc(Cl)cc21,CC1CC(C(N)=O)CN(C(=O)C2CCc3ccc(Cl)cc32)C1,Amidation,,
C153036,1,,,,CC1CCC(C(N)=O)CN1,O=C(O)C1CCc2ccc(Cl)cc21,CC1CCC(C(N)=O)CN1C(=O)C1CCc2ccc(Cl)cc21,Amidation,,
C153044,1,,,,NC(=O)C1(N)CCCNC1,O=C(O)C1CCc2ccc(Cl)cc21,NC(=O)C1(NC(=O)C2CCc3ccc(Cl)cc32)CCCNC1,Amidation,,
C153064,1,,,,NC(=O)C1(F)CCCNC1,O=C(O)C1CCc2ccc(Cl)cc21,NC(=O)C1(F)CCCN(C(=O)C2CCc3ccc(Cl)cc32)C1,Amidation,,
C153068,1,,,,O=C1NCC2CCNCC12,O=C(O)C1CCc2ccc(Cl)cc21,O=C1NCC2CCN(C(=O)C3CCc4ccc(Cl)cc43)CC12,Amidation,,
C127483,1,,,,CC(=O)Nc1ccccc1O,ClCc1nc(Cl)cc(Cl)n1,CC(=O)Nc1ccccc1Oc1cc(Cl)nc(CCl)n1,Williamson_ether_synthesis,,
C125662,1,,,,NC(=O)C1(N)CCCNC1,C=C(C(=O)O)c1ccccc1,C=C(C(=O)N1CCCC(N)(C(N)=O)C1)c1ccccc1,Amidation,,
C125663,1,,,,NC(=O)C1(N)CCCNC1,C=C(C(=O)O)c1ccccc1,C=C(C(=O)NC1(C(N)=O)CCCNC1)c1ccccc1,Amidation,,
C159434,1,,,,COc1ccccc1CC(=O)O,NC(=O)C1C2CCNCC21,COc1ccccc1CC(=O)N1CCC2C(C1)C2C(N)=O,Amidation,,
C153137,1,,,,NC(=O)C1(O)CCCNC1,O=C(O)C1CCc2cccc(Br)c21,NC(=O)C1(O)CCCN(C(=O)C2CCc3cccc(Br)c32)C1,Amidation,,
C153140,1,,,,CNC(=O)C1CCCNC1,O=C(O)C1CCc2cccc(Br)c21,CNC(=O)C1CCCN(C(=O)C2CCc3cccc(Br)c32)C1,Amidation,,
C153141,1,,,,CC1CCC(C(N)=O)CN1,O=C(O)C1CCc2cccc(Br)c21,CC1CCC(C(N)=O)CN1C(=O)C1CCc2cccc(Br)c21,Amidation,,
C153145,1,,,,NC(=O)C1(F)CCCNC1,O=C(O)C1CCc2cccc(Br)c21,NC(=O)C1(F)CCCN(C(=O)C2CCc3cccc(Br)c32)C1,Amidation,,
C125686,1,,,,NC(=O)C1(F)CCCNC1,C=C(C(=O)O)c1ccccc1,C=C(C(=O)N1CCCC(F)(C(N)=O)C1)c1ccccc1,Amidation,,
C153149,1,,,,O=C1NCC2CCNCC12,O=C(O)C1CCc2cccc(Br)c21,O=C1NCC2CCN(C(=O)C3CCc4cccc(Br)c43)CC12,Amidation,,
C153150,1,,,,CC1CNCC(C(N)=O)C1,O=C(O)C1CCc2cccc(Br)c21,CC1CC(C(N)=O)CN(C(=O)C2CCc3cccc(Br)c32)C1,Amidation,,
C125690,1,,,,CC1CCC(C(N)=O)CN1,C=C(C(=O)O)c1ccccc1,C=C(C(=O)N1CC(C(N)=O)CCC1C)c1ccccc1,Amidation,,
C125691,1,,,,CC1CNCC(C(N)=O)C1,C=C(C(=O)O)c1ccccc1,C=C(C(=O)N1CC(C)CC(C(N)=O)C1)c1ccccc1,Amidation,,
C125726,1,,,,O=C1NCC2CCNCC12,O=C(O)Cc1ccccc1I,O=C1NCC2CCN(C(=O)Cc3ccccc3I)CC12,Amidation,,
C159535,1,,,,Nc1cccc(C(O)C(=O)O)c1,NC(=O)C1C2CCNCC21,NC(=O)C1C2CCN(C(=O)C(O)c3cccc(N)c3)CC21,Amidation,,
C135234,1,,,,NCCc1cocn1,Fc1cccc2c1NCC2,O=C(NCCc1cocn1)N1CCc2cccc(F)c21,Formation_of_urea_from_two_amines,,
C125797,1,,,,NC(=O)C1(O)CCCNC1,CC(C(=O)O)c1ccccc1,CC(C(=O)N1CCCC(O)(C(N)=O)C1)c1ccccc1,Amidation,,
C135240,1,,,,NCCc1cocn1,Brc1ccc2c(c1)CCN2,O=C(NCCc1cocn1)N1CCc2cc(Br)ccc21,Formation_of_urea_from_two_amines,,
C125799,1,,,,CNC(=O)C1CCCNC1,CC(C(=O)O)c1ccccc1,CNC(=O)C1CCCN(C(=O)C(C)c2ccccc2)C1,Amidation,,
C125800,1,,,,CC1CNCC(C(N)=O)C1,CC(C(=O)O)c1ccccc1,CC1CC(C(N)=O)CN(C(=O)C(C)c2ccccc2)C1,Amidation,,
C125801,1,,,,CC1CCC(C(N)=O)CN1,CC(C(=O)O)c1ccccc1,CC(C(=O)N1CC(C(N)=O)CCC1C)c1ccccc1,Amidation,,
C135242,1,,,,NCCc1cocn1,Clc1cccc2c1CCN2,O=C(NCCc1cocn1)N1CCc2c(Cl)cccc21,Formation_of_urea_from_two_amines,,
C135253,1,,,,NCCc1cocn1,CC1Cc2ccccc2N1,CC1Cc2ccccc2N1C(=O)NCCc1cocn1,Formation_of_urea_from_two_amines,,
C125805,1,,,,NC(=O)C1(F)CCCNC1,CC(C(=O)O)c1ccccc1,CC(C(=O)N1CCCC(F)(C(N)=O)C1)c1ccccc1,Amidation,,
C159570,1,,,,O=C(O)Cc1c(F)cccc1F,NC(=O)C1C2CCNCC21,NC(=O)C1C2CCN(C(=O)Cc3c(F)cccc3F)CC21,Amidation,,
C125809,1,,,,NC(=O)C1(O)CCCNC1,O=C(O)Cc1ccccc1I,NC(=O)C1(O)CCCN(C(=O)Cc2ccccc2I)C1,Amidation,,
C125811,1,,,,CNC(=O)C1CCCNC1,O=C(O)Cc1ccccc1I,CNC(=O)C1CCCN(C(=O)Cc2ccccc2I)C1,Amidation,,
C125812,1,,,,CC1CNCC(C(N)=O)C1,O=C(O)Cc1ccccc1I,CC1CC(C(N)=O)CN(C(=O)Cc2ccccc2I)C1,Amidation,,
C125813,1,,,,CC1CCC(C(N)=O)CN1,O=C(O)Cc1ccccc1I,CC1CCC(C(N)=O)CN1C(=O)Cc1ccccc1I,Amidation,,
C131311,1,,,,ClCc1nc(Cl)cc(Cl)n1,NC(=O)Nc1ccc(Br)cc1O,NC(=O)Nc1ccc(Br)cc1OCc1nc(Cl)cc(Cl)n1,Williamson_ether_synthesis,,
C131312,1,,,,ClCc1nc(Cl)cc(Cl)n1,NC(=O)Nc1ccc(Br)cc1O,NC(=O)Nc1ccc(Br)cc1Oc1cc(Cl)nc(CCl)n1,Williamson_ether_synthesis,,
C159577,1,,,,Nc1ccc(C(O)C(=O)O)cc1,NC(=O)C1C2CCNCC21,NC(=O)C1C2CCN(C(=O)C(O)c3ccc(N)cc3)CC21,Amidation,,
C125818,1,,,,NC(=O)C1(F)CCCNC1,O=C(O)Cc1ccccc1I,NC(=O)C1(F)CCCN(C(=O)Cc2ccccc2I)C1,Amidation,,
C155345,1,,,,NC(=O)C1CCNC1,O=C(O)C(O)c1ccccc1,NC(=O)C1CCN(C(=O)C(O)c2ccccc2)C1,Amidation,,
C155351,1,,,,NC(=O)C1CCNC1,Nc1cccc(CC(=O)O)c1,NC(=O)C1CCN(C(=O)Cc2cccc(N)c2)C1,Amidation,,
C125832,1,,,,NC(C(=O)O)c1cccc(Cl)c1,NC(=O)C1CCCNC1,NC(=O)C1CCCN(C(=O)C(N)c2cccc(Cl)c2)C1,Amidation,,
C159597,1,,,,NC(C(=O)O)c1ccc(O)cc1,NC(=O)C1C2CCNCC21,NC(=O)C1C2CCN(C(=O)C(N)c3ccc(O)cc3)CC21,Amidation,,
C135317,1,,,,CC(N)Cc1cocn1,c1ccc2c(c1)CCN2,CC(Cc1cocn1)NC(=O)N1CCc2ccccc21,Formation_of_urea_from_two_amines,,
C135319,1,,,,c1ccc2c(c1)CCN2,Cc1ocnc1CCN,Cc1ocnc1CCNC(=O)N1CCc2ccccc21,Formation_of_urea_from_two_amines,,
C125844,1,,,,NC(=O)C1(N)CCCNC1,CC(C(=O)O)c1ccccc1,CC(C(=O)NC1(C(N)=O)CCCNC1)c1ccccc1,Amidation,,
C155376,1,,,,NC(=O)C1CCNC1,O=C(O)Cc1cccc(Cl)c1,NC(=O)C1CCN(C(=O)Cc2cccc(Cl)c2)C1,Amidation,,
C155378,1,,,,NC(=O)C1CCNC1,O=C(O)Cc1cccc(O)c1,NC(=O)C1CCN(C(=O)Cc2cccc(O)c2)C1,Amidation,,
C155382,1,,,,NC(=O)C1CCNC1,O=C(O)C1Cc2ccccc21,NC(=O)C1CCN(C(=O)C2Cc3ccccc32)C1,Amidation,,
C155385,1,,,,NC(=O)C1CCNC1,O=C(O)Cc1ccccc1F,NC(=O)C1CCN(C(=O)Cc2ccccc2F)C1,Amidation,,
C155390,1,,,,NC(=O)C1CCNC1,Cc1ccccc1CC(=O)O,Cc1ccccc1CC(=O)N1CCC(C(N)=O)C1,Amidation,,
C155397,1,,,,NC(=O)C1CCNC1,O=C(O)Cc1ccc(F)cc1,NC(=O)C1CCN(C(=O)Cc2ccc(F)cc2)C1,Amidation,,
C125865,1,,,,NC(=O)C1(F)CCCNC1,O=C(O)C(=O)c1ccccc1,NC(=O)C1(F)CCCN(C(=O)C(=O)c2ccccc2)C1,Amidation,,
C155398,1,,,,NC(=O)C1CCNC1,Cc1ccc(CC(=O)O)cc1,Cc1ccc(CC(=O)N2CCC(C(N)=O)C2)cc1,Amidation,,
C155401,1,,,,NC(=O)C1CCNC1,C=C(C(=O)O)c1ccccc1,C=C(C(=O)N1CCC(C(N)=O)C1)c1ccccc1,Amidation,,
C125869,1,,,,CC1CCC(C(N)=O)CN1,O=C(O)C(=O)c1ccccc1,CC1CCC(C(N)=O)CN1C(=O)C(=O)c1ccccc1,Amidation,,
C125870,1,,,,CC1CNCC(C(N)=O)C1,O=C(O)C(=O)c1ccccc1,CC1CC(C(N)=O)CN(C(=O)C(=O)c2ccccc2)C1,Amidation,,
C125871,1,,,,CNC(=O)C1CCCNC1,O=C(O)C(=O)c1ccccc1,CNC(=O)C1CCCN(C(=O)C(=O)c2ccccc2)C1,Amidation,,
C125873,1,,,,NC(=O)C1(O)CCCNC1,O=C(O)C(=O)c1ccccc1,NC(=O)C1(O)CCCN(C(=O)C(=O)c2ccccc2)C1,Amidation,,
C155406,1,,,,NC(=O)C1CCNC1,O=C(O)Cc1cccc(I)c1,NC(=O)C1CCN(C(=O)Cc2cccc(I)c2)C1,Amidation,,
C155409,1,,,,O=C(O)C(Cl)c1ccccc1,NC(=O)C1CCNC1,NC(=O)C1CCN(C(=O)C(Cl)c2ccccc2)C1,Amidation,,
C125890,1,,,,NC(=O)C1(N)CCCNC1,O=C(O)Cc1ccccc1F,NC(=O)C1(N)CCCN(C(=O)Cc2ccccc2F)C1,Amidation,,
C125891,1,,,,NC(=O)C1(N)CCCNC1,O=C(O)Cc1ccccc1F,NC(=O)C1(NC(=O)Cc2ccccc2F)CCCNC1,Amidation,,
C155428,1,,,,NC(=O)C1CCNC1,O=C(O)Cc1cccc(Br)c1,NC(=O)C1CCN(C(=O)Cc2cccc(Br)c2)C1,Amidation,,
C155430,1,,,,NC(=O)C1CCNC1,O=C(O)Cc1ccc(Cl)cc1,NC(=O)C1CCN(C(=O)Cc2ccc(Cl)cc2)C1,Amidation,,
C155436,1,,,,NC(=O)C1CCNC1,O=C(O)C(=O)c1ccccc1,NC(=O)C1CCN(C(=O)C(=O)c2ccccc2)C1,Amidation,,
C155445,1,,,,NC(=O)C1CCNC1,CC(C(=O)O)c1ccccc1,CC(C(=O)N1CCC(C(N)=O)C1)c1ccccc1,Amidation,,
C155491,1,,,,NC(=O)C1CCNC1,O=C(O)C(Br)c1ccccc1,NC(=O)C1CCN(C(=O)C(Br)c2ccccc2)C1,Amidation,,
C155496,1,,,,NC(=O)C1CCNC1,Nc1ccccc1CC(=O)O,NC(=O)C1CCN(C(=O)Cc2ccccc2N)C1,Amidation,,
C155497,1,,,,NC(=O)C1CCNC1,O=C(O)Cc1ccccc1O,NC(=O)C1CCN(C(=O)Cc2ccccc2O)C1,Amidation,,
C155500,1,,,,NC(=O)C1CCNC1,O=C(O)Cc1ccccc1I,NC(=O)C1CCN(C(=O)Cc2ccccc2I)C1,Amidation,,
C155503,1,,,,CC(C(=O)O)c1ccccc1,CNC(=O)C1CCNC1,CNC(=O)C1CCN(C(=O)C(C)c2ccccc2)C1,Amidation,,
C125964,1,,,,NC(=O)C1(O)CCCNC1,O=C(O)Cc1ccccc1F,NC(=O)C1(O)CCCN(C(=O)Cc2ccccc2F)C1,Amidation,,
C125966,1,,,,CNC(=O)C1CCCNC1,O=C(O)Cc1ccccc1F,CNC(=O)C1CCCN(C(=O)Cc2ccccc2F)C1,Amidation,,
C125967,1,,,,CC1CNCC(C(N)=O)C1,O=C(O)Cc1ccccc1F,CC1CC(C(N)=O)CN(C(=O)Cc2ccccc2F)C1,Amidation,,
C125968,1,,,,CC1CCC(C(N)=O)CN1,O=C(O)Cc1ccccc1F,CC1CCC(C(N)=O)CN1C(=O)Cc1ccccc1F,Amidation,,
C151353,1,,,,O=C1NCC2CCNCC12,O=C(O)Cc1ccc(Br)cn1,O=C1NCC2CCN(C(=O)Cc3ccc(Br)cn3)CC12,Amidation,,
C125971,1,,,,O=C1NC2CNCC1C2,O=C(O)Cc1cccc(Br)c1,O=C1NC2CC1CN(C(=O)Cc1cccc(Br)c1)C2,Amidation,,
C151357,1,,,,NC(=O)C1(F)CCCNC1,O=C(O)Cc1ccc(Br)cn1,NC(=O)C1(F)CCCN(C(=O)Cc2ccc(Br)cn2)C1,Amidation,,
C125977,1,,,,O=C1NC2CNCC1C2,O=C(O)Cc1cccc(Cl)c1,O=C1NC2CC1CN(C(=O)Cc1cccc(Cl)c1)C2,Amidation,,
C151361,1,,,,CC1CCC(C(N)=O)CN1,O=C(O)Cc1ccc(Br)cn1,CC1CCC(C(N)=O)CN1C(=O)Cc1ccc(Br)cn1,Amidation,,
C151362,1,,,,CC1CNCC(C(N)=O)C1,O=C(O)Cc1ccc(Br)cn1,CC1CC(C(N)=O)CN(C(=O)Cc2ccc(Br)cn2)C1,Amidation,,
C125980,1,,,,O=C1NC2CNCC1C2,O=C(O)C(O)c1ccccc1,O=C1NC2CC1CN(C(=O)C(O)c1ccccc1)C2,Amidation,,
C151363,1,,,,CNC(=O)C1CCCNC1,O=C(O)Cc1ccc(Br)cn1,CNC(=O)C1CCCN(C(=O)Cc2ccc(Br)cn2)C1,Amidation,,
C125982,1,,,,O=C1NC2CNCC1C2,O=C(O)Cc1cccc(I)c1,O=C1NC2CC1CN(C(=O)Cc1cccc(I)c1)C2,Amidation,,
C151365,1,,,,NC(=O)C1(O)CCCNC1,O=C(O)Cc1ccc(Br)cn1,NC(=O)C1(O)CCCN(C(=O)Cc2ccc(Br)cn2)C1,Amidation,,
C125984,1,,,,O=C1NC2CNCC1C2,Cc1ccc(CC(=O)O)cc1,Cc1ccc(CC(=O)N2CC3CC(C2)C(=O)N3)cc1,Amidation,,
C125985,1,,,,O=C1NC2CNCC1C2,O=C(O)Cc1ccccc1F,O=C1NC2CC1CN(C(=O)Cc1ccccc1F)C2,Amidation,,
C125986,1,,,,O=C1NC2CNCC1C2,O=C(O)Cc1ccccc1I,O=C1NC2CC1CN(C(=O)Cc1ccccc1I)C2,Amidation,,
C125990,1,,,,CNC(=O)C1CCCNC1,O=C(O)Cc1ccccc1O,CNC(=O)C1CCCN(C(=O)Cc2ccccc2O)C1,Amidation,,
C125992,1,,,,O=C1NC2CNCC1C2,NC(C(=O)O)c1ccc(O)cc1,NC(C(=O)N1CC2CC(C1)C(=O)N2)c1ccc(O)cc1,Amidation,,
C125994,1,,,,CNC(=O)C1CCCNC1,Cc1ccc(CC(=O)O)cc1,CNC(=O)C1CCCN(C(=O)Cc2ccc(C)cc2)C1,Amidation,,
C155578,1,,,,O=C(O)C(Br)c1ccccc1,NC(=O)C1(O)CCNC1,NC(=O)C1(O)CCN(C(=O)C(Br)c2ccccc2)C1,Amidation,,
C126005,1,,,,O=C1NCC2CCNCC12,Nc1cccc(CC(=O)O)c1,Nc1cccc(CC(=O)N2CCC3CNC(=O)C3C2)c1,Amidation,,
C126009,1,,,,O=C1NCC2CCNCC12,Cc1ccccc1CC(=O)O,Cc1ccccc1CC(=O)N1CCC2CNC(=O)C2C1,Amidation,,
C126010,1,,,,CNC(=O)C1CCCNC1,Cc1ccccc1CC(=O)O,CNC(=O)C1CCCN(C(=O)Cc2ccccc2C)C1,Amidation,,
C155599,1,,,,O=C(O)C(Br)c1ccccc1,O=C1NCC2CNCC12,O=C1NCC2CN(C(=O)C(Br)c3ccccc3)CC12,Amidation,,
C155604,1,,,,O=C(O)C(Br)c1ccccc1,NC(=O)C1(F)CCNC1,NC(=O)C1(F)CCN(C(=O)C(Br)c2ccccc2)C1,Amidation,,
C126028,1,,,,O=C1NC2CNCC1C2,O=C(O)C1CCc2ccccc21,O=C1NC2CC1CN(C(=O)C1CCc3ccccc31)C2,Amidation,,
C151413,1,,,,NC(=O)C1(N)CCCNC1,O=C(O)Cc1ccc(Br)cn1,NC(=O)C1(NC(=O)Cc2ccc(Br)cn2)CCCNC1,Amidation,,
C126032,1,,,,O=C1NCC2CCNCC12,C=C(C(=O)O)c1ccccc1,C=C(C(=O)N1CCC2CNC(=O)C2C1)c1ccccc1,Amidation,,
C126033,1,,,,CNC(=O)C1CCCNC1,C=C(C(=O)O)c1ccccc1,C=C(C(=O)N1CCCC(C(=O)NC)C1)c1ccccc1,Amidation,,
C126034,1,,,,NC(=O)C1(O)CCCNC1,C=C(C(=O)O)c1ccccc1,C=C(C(=O)N1CCCC(O)(C(N)=O)C1)c1ccccc1,Amidation,,
C151420,1,,,,NC(=O)C1(N)CCCNC1,O=C(O)Cc1ccc(Br)cn1,NC(=O)C1(N)CCCN(C(=O)Cc2ccc(Br)cn2)C1,Amidation,,
C151423,1,,,,CNC(=O)C1CCCNC1,O=C(O)Cc1cccc(Cl)n1,CNC(=O)C1CCCN(C(=O)Cc2cccc(Cl)n2)C1,Amidation,,
C151424,1,,,,CC1CNCC(C(N)=O)C1,O=C(O)Cc1cccc(Cl)n1,CC1CC(C(N)=O)CN(C(=O)Cc2cccc(Cl)n2)C1,Amidation,,
C151425,1,,,,CC1CCC(C(N)=O)CN1,O=C(O)Cc1cccc(Cl)n1,CC1CCC(C(N)=O)CN1C(=O)Cc1cccc(Cl)n1,Amidation,,
C155621,1,,,,O=C(O)C(Br)c1ccccc1,CC1(C(N)=O)CCNC1,CC1(C(N)=O)CCN(C(=O)C(Br)c2ccccc2)C1,Amidation,,
C151429,1,,,,NC(=O)C1(F)CCCNC1,O=C(O)Cc1cccc(Cl)n1,NC(=O)C1(F)CCCN(C(=O)Cc2cccc(Cl)n2)C1,Amidation,,
C126045,1,,,,O=C1NCC2CCNCC12,CC(C(=O)O)c1ccccc1,CC(C(=O)N1CCC2CNC(=O)C2C1)c1ccccc1,Amidation,,
C151430,1,,,,NC(=O)C1(O)CCCNC1,O=C(O)Cc1cccc(Cl)n1,NC(=O)C1(O)CCCN(C(=O)Cc2cccc(Cl)n2)C1,Amidation,,
C126047,1,,,,O=C1NCC2CCNCC12,O=C(O)C(=O)c1ccccc1,O=C(C(=O)N1CCC2CNC(=O)C2C1)c1ccccc1,Amidation,,
C155623,1,,,,O=C(O)C(Br)c1ccccc1,CNC(=O)C1CCNC1,CNC(=O)C1CCN(C(=O)C(Br)c2ccccc2)C1,Amidation,,
C126049,1,,,,NC(C(=O)O)c1cccc(Cl)c1,O=C1NC2CNCC1C2,NC(C(=O)N1CC2CC(C1)C(=O)N2)c1cccc(Cl)c1,Amidation,,
C151453,1,,,,O=C1NCC2CCNCC12,O=C(O)Cc1cccc(Cl)n1,O=C1NCC2CCN(C(=O)Cc3cccc(Cl)n3)CC12,Amidation,,
C155666,1,,,,O=C(O)C(O)c1ccccc1,NC(=O)C1(F)CCNC1,NC(=O)C1(F)CCN(C(=O)C(O)c2ccccc2)C1,Amidation,,
C155675,1,,,,O=C(O)C(O)c1ccccc1,CC1(C(N)=O)CCNC1,CC1(C(N)=O)CCN(C(=O)C(O)c2ccccc2)C1,Amidation,,
C155677,1,,,,O=C(O)C(O)c1ccccc1,CNC(=O)C1CCNC1,CNC(=O)C1CCN(C(=O)C(O)c2ccccc2)C1,Amidation,,
C151473,1,,,,NC(=O)C1(N)CCCNC1,O=C(O)Cc1cccc(Cl)n1,NC(=O)C1(N)CCCN(C(=O)Cc2cccc(Cl)n2)C1,Amidation,,
C155683,1,,,,O=C(O)C(O)c1ccccc1,O=C1NCC2CNCC12,O=C1NCC2CN(C(=O)C(O)c3ccccc3)CC12,Amidation,,
C151482,1,,,,NC(=O)C1(N)CCCNC1,O=C(O)Cc1cccc(Cl)n1,NC(=O)C1(NC(=O)Cc2cccc(Cl)n2)CCCNC1,Amidation,,
C155722,1,,,,O=C(O)C(O)c1ccccc1,NNC(=O)C1CCNC1,O=C(NNC(=O)C(O)c1ccccc1)C1CCNC1,Amidation,,
C155723,1,,,,NC(=O)C1CCNC1,O=C(O)Cc1cc(F)ccc1Br,NC(=O)C1CCN(C(=O)Cc2cc(F)ccc2Br)C1,Amidation,,
C155752,1,,,,O=C(O)C(=O)c1ccccc1,O=C1NCC2CNCC12,O=C(C(=O)N1CC2CNC(=O)C2C1)c1ccccc1,Amidation,,
C155755,1,,,,O=C(O)C(=O)c1ccccc1,CNC(=O)C1CCNC1,CNC(=O)C1CCN(C(=O)C(=O)c2ccccc2)C1,Amidation,,
C155757,1,,,,O=C(O)C(=O)c1ccccc1,CC1(C(N)=O)CCNC1,CC1(C(N)=O)CCN(C(=O)C(=O)c2ccccc2)C1,Amidation,,
C155539,1,,,,O=C(O)C(O)c1ccccc1,NNC(=O)C1CCNC1,NNC(=O)C1CCN(C(=O)C(O)c2ccccc2)C1,Amidation,,
C155762,1,,,,O=C(O)C(=O)c1ccccc1,NC(=O)C1(F)CCNC1,NC(=O)C1(F)CCN(C(=O)C(=O)c2ccccc2)C1,Amidation,,
C155765,1,,,,CC(C(=O)O)c1ccccc1,NC(=O)C1(O)CCNC1,CC(C(=O)N1CCC(O)(C(N)=O)C1)c1ccccc1,Amidation,,
C155767,1,,,,O=C(O)C(=O)c1ccccc1,NC(=O)C1(O)CCNC1,NC(=O)C1(O)CCN(C(=O)C(=O)c2ccccc2)C1,Amidation,,
C155779,1,,,,O=C(O)Cc1cccc(Br)c1,NNC(=O)C1CCNC1,O=C(Cc1cccc(Br)c1)NNC(=O)C1CCNC1,Amidation,,
C155780,1,,,,O=C(O)Cc1cccc(Br)c1,NNC(=O)C1CCNC1,NNC(=O)C1CCN(C(=O)Cc2cccc(Br)c2)C1,Amidation,,
C155787,1,,,,O=C(O)C(=O)c1ccccc1,NNC(=O)C1CCNC1,NNC(=O)C1CCN(C(=O)C(=O)c2ccccc2)C1,Amidation,,
C155788,1,,,,O=C(O)C(=O)c1ccccc1,NNC(=O)C1CCNC1,O=C(NNC(=O)C1CCNC1)C(=O)c1ccccc1,Amidation,,
C155799,1,,,,NC(=O)C1CCNC1,O=C(O)Cc1c(F)cccc1F,NC(=O)C1CCN(C(=O)Cc2c(F)cccc2F)C1,Amidation,,
C155804,1,,,,CC(C(=O)O)c1ccccc1,NNC(=O)C1CCNC1,CC(C(=O)N1CCC(C(=O)NN)C1)c1ccccc1,Amidation,,
C155805,1,,,,CC(C(=O)O)c1ccccc1,NNC(=O)C1CCNC1,CC(C(=O)NNC(=O)C1CCNC1)c1ccccc1,Amidation,,
C155815,1,,,,CC(C(=O)O)c1ccccc1,O=C1NCC2CNCC12,CC(C(=O)N1CC2CNC(=O)C2C1)c1ccccc1,Amidation,,
C155830,1,,,,CC(C(=O)O)c1ccccc1,NC(=O)C1(F)CCNC1,CC(C(=O)N1CCC(F)(C(N)=O)C1)c1ccccc1,Amidation,,
C139945,1,,,,NCCc1cocn1,O=C(O)C1CCc2cccc(O)c21,O=C(NCCc1cocn1)C1CCc2cccc(O)c21,Amidation,,
C155841,1,,,,CC(C(=O)O)c1ccccc1,CC1(C(N)=O)CCNC1,CC(C(=O)N1CCC(C)(C(N)=O)C1)c1ccccc1,Amidation,,
C155848,1,,,,NC(=O)C1CCNC1,NC(C(=O)O)c1ccc(O)cc1,NC(=O)C1CCN(C(=O)C(N)c2ccc(O)cc2)C1,Amidation,,
C139965,1,,,,NCCc1cocn1,CC1(C(=O)O)CCc2ccccc21,CC1(C(=O)NCCc2cocn2)CCc2ccccc21,Amidation,,
C139967,1,,,,NCCc1cocn1,Cc1ccc2c(c1)CCC2C(=O)O,Cc1ccc2c(c1)CCC2C(=O)NCCc1cocn1,Amidation,,
C139976,1,,,,NCCc1cocn1,O=C(O)C1CCc2cccc(Br)c21,O=C(NCCc1cocn1)C1CCc2cccc(Br)c21,Amidation,,
C139978,1,,,,NCCc1cocn1,O=C(O)C1CCc2ccc(Cl)cc21,O=C(NCCc1cocn1)C1CCc2ccc(Cl)cc21,Amidation,,
C139980,1,,,,NCCc1cocn1,O=C(O)C1CCc2cccc(Cl)c21,O=C(NCCc1cocn1)C1CCc2cccc(Cl)c21,Amidation,,
C135747,1,,,,NCCc1cocn1,NC1C(=O)Nc2ccccc21,O=C(NCCc1cocn1)NC1C(=O)Nc2ccccc21,Formation_of_urea_from_two_amines,,
C139990,1,,,,NCCc1cocn1,Cc1ccc2c(c1)C(C(=O)O)CC2,Cc1ccc2c(c1)C(C(=O)NCCc1cocn1)CC2,Amidation,,
C155868,1,,,,O=C(O)C(Br)c1ccccc1,NNC(=O)C1CCNC1,NNC(=O)C1CCN(C(=O)C(Br)c2ccccc2)C1,Amidation,,
C155869,1,,,,O=C(O)C(Br)c1ccccc1,NNC(=O)C1CCNC1,O=C(NNC(=O)C(Br)c1ccccc1)C1CCNC1,Amidation,,
C140006,1,,,,O=C(O)C1CCc2ccccc21,Cc1ocnc1CCN,Cc1ocnc1CCNC(=O)C1CCc2ccccc21,Amidation,,
C140015,1,,,,CC(N)Cc1cocn1,O=C(O)C1CCc2ccccc21,CC(Cc1cocn1)NC(=O)C1CCc2ccccc21,Amidation,,
C131594,1,,,,ClCc1nc(Cl)cc(Cl)n1,CC(=O)Nc1cc(N)ccc1O,CC(=O)Nc1cc(N)ccc1Oc1cc(Cl)nc(CCl)n1,Williamson_ether_synthesis,,
C155897,1,,,,O=C(O)Cc1cccc(Br)c1,NC(=O)C1(O)CCNC1,NC(=O)C1(O)CCN(C(=O)Cc2cccc(Br)c2)C1,Amidation,,
C155901,1,,,,O=C(O)Cc1cccc(Br)c1,NC(=O)C1(F)CCNC1,NC(=O)C1(F)CCN(C(=O)Cc2cccc(Br)c2)C1,Amidation,,
C156025,1,,,,O=C(O)Cc1ccccc1O,NNC(=O)C1CCNC1,O=C(Cc1ccccc1O)NNC(=O)C1CCNC1,Amidation,,
C155906,1,,,,O=C(O)Cc1cccc(Br)c1,CC1(C(N)=O)CCNC1,CC1(C(N)=O)CCN(C(=O)Cc2cccc(Br)c2)C1,Amidation,,
C155908,1,,,,O=C(O)Cc1cccc(Br)c1,CNC(=O)C1CCNC1,CNC(=O)C1CCN(C(=O)Cc2cccc(Br)c2)C1,Amidation,,
C155911,1,,,,O=C(O)Cc1cccc(Br)c1,O=C1NCC2CNCC12,O=C1NCC2CN(C(=O)Cc3cccc(Br)c3)CC12,Amidation,,
C155915,1,,,,NC(=O)C1CCNC1,O=C(O)Cc1cccc(Br)c1F,NC(=O)C1CCN(C(=O)Cc2cccc(Br)c2F)C1,Amidation,,
C131626,1,,,,ClCc1nc(Cl)cc(Cl)n1,CC(=O)Nc1cc(N)ccc1O,CC(=O)Nc1cc(N)ccc1OCc1nc(Cl)cc(Cl)n1,Williamson_ether_synthesis,,
C140067,1,,,,CC(N)Cc1cocn1,Cc1ccc2c(c1)CCC2C(=O)O,Cc1ccc2c(c1)CCC2C(=O)NC(C)Cc1cocn1,Amidation,,
C140069,1,,,,Cc1ocnc1CCN,Cc1ccc2c(c1)CCC2C(=O)O,Cc1ccc2c(c1)CCC2C(=O)NCCc1ncoc1C,Amidation,,
C155939,1,,,,O=C(O)C(O)c1ccccc1,NC(=O)C1(O)CCNC1,NC(=O)C1(O)CCN(C(=O)C(O)c2ccccc2)C1,Amidation,,
C155943,1,,,,O=C(O)Cc1ccc(F)cc1,NC(=O)C1(O)CCNC1,NC(=O)C1(O)CCN(C(=O)Cc2ccc(F)cc2)C1,Amidation,,
C155950,1,,,,O=C(O)Cc1ccc(F)cc1,NC(=O)C1(F)CCNC1,NC(=O)C1(F)CCN(C(=O)Cc2ccc(F)cc2)C1,Amidation,,
C155953,1,,,,Cc1ccc(CC(=O)O)cc1,NC(=O)C1(O)CCNC1,Cc1ccc(CC(=O)N2CCC(O)(C(N)=O)C2)cc1,Amidation,,
C133619,1,,,,O=C1NCC2CCNCC12,O=C(O)Cc1ccn[nH]1,O=C1NCC2CCN(C(=O)Cc3ccn[nH]3)CC12,Amidation,,
C126351,1,,,,N=c1ccnc(CCl)[nH]1,CC(=O)Nc1ccccc1O,CC(=O)Nc1ccccc1OCc1nccc(=N)[nH]1,Williamson_ether_synthesis,,
C124220,1,,,,NCCc1cocn1,O=C(O)C1CCc2ccccc21,O=C(NCCc1cocn1)C1CCc2ccccc21,Amidation,,
C128105,1,,,,CC(=O)Nc1ccccc1O,ClCc1nc(Cl)cc(Cl)n1,CC(=O)Nc1ccccc1OCc1nc(Cl)cc(Cl)n1,Williamson_ether_synthesis,,
C155957,1,,,,Cc1ccc(CC(=O)O)cc1,NC(=O)C1(F)CCNC1,Cc1ccc(CC(=O)N2CCC(F)(C(N)=O)C2)cc1,Amidation,,
C124230,1,,,,NC(=O)C1CCCNC1,O=C(O)Cc1ccccn1,NC(=O)C1CCCN(C(=O)Cc2ccccn2)C1,Amidation,,
C124231,1,,,,NC(=O)C1CCCNC1,O=C(O)C1CCOc2ccccc21,NC(=O)C1CCCN(C(=O)C2CCOc3ccccc32)C1,Amidation,,
C124232,1,,,,NC(=O)C1CCCNC1,O=C(O)Cc1ccn[nH]1,NC(=O)C1CCCN(C(=O)Cc2ccn[nH]2)C1,Amidation,,
C155966,1,,,,O=C(O)Cc1cccc(O)c1,NNC(=O)C1CCNC1,NNC(=O)C1CCN(C(=O)Cc2cccc(O)c2)C1,Amidation,,
C155969,1,,,,O=C(O)Cc1ccc(F)cc1,NNC(=O)C1CCNC1,NNC(=O)C1CCN(C(=O)Cc2ccc(F)cc2)C1,Amidation,,
C155970,1,,,,O=C(O)Cc1ccc(F)cc1,NNC(=O)C1CCNC1,O=C(Cc1ccc(F)cc1)NNC(=O)C1CCNC1,Amidation,,
C133636,1,,,,NC(=O)C1(N)CCCNC1,O=C(O)Cc1ccn[nH]1,NC(=O)C1(NC(=O)Cc2ccn[nH]2)CCCNC1,Amidation,,
C124236,1,,,,NC(=O)C1CCCNC1,O=C(O)C1CCc2ccccc21,NC(=O)C1CCCN(C(=O)C2CCc3ccccc32)C1,Amidation,,
C155980,1,,,,O=C(O)Cc1ccc(F)cc1,O=C1NCC2CNCC12,O=C1NCC2CN(C(=O)Cc3ccc(F)cc3)CC12,Amidation,,
C124243,1,,,,NC(=O)C1CCCNC1,O=C(O)C(Br)c1ccccc1,NC(=O)C1CCCN(C(=O)C(Br)c2ccccc2)C1,Amidation,,
C126368,1,,,,ClCc1ncc(Cl)cn1,CC(=O)Nc1ccccc1O,CC(=O)Nc1ccccc1Oc1cnc(CCl)nc1,Williamson_ether_synthesis,,
C155983,1,,,,O=C(O)Cc1ccc(F)cc1,CNC(=O)C1CCNC1,CNC(=O)C1CCN(C(=O)Cc2ccc(F)cc2)C1,Amidation,,
C155985,1,,,,O=C(O)Cc1ccc(F)cc1,CC1(C(N)=O)CCNC1,CC1(C(N)=O)CCN(C(=O)Cc2ccc(F)cc2)C1,Amidation,,
C155987,1,,,,Cc1ccc(CC(=O)O)cc1,CC1(C(N)=O)CCNC1,Cc1ccc(CC(=O)N2CCC(C)(C(N)=O)C2)cc1,Amidation,,
C124250,1,,,,O=C1NC2CNCC1C2,O=C(O)C(Br)c1ccccc1,O=C1NC2CC1CN(C(=O)C(Br)c1ccccc1)C2,Amidation,,
C140124,1,,,,CC(N)Cc1cocn1,O=C(O)C1CCc2cccc(Cl)c21,CC(Cc1cocn1)NC(=O)C1CCc2cccc(Cl)c21,Amidation,,
C155988,1,,,,O=C(O)Cc1cccc(O)c1,NNC(=O)C1CCNC1,O=C(Cc1cccc(O)c1)NNC(=O)C1CCNC1,Amidation,,
C124255,1,,,,NC(=O)C1CCCNC1,O=C(O)Cc1cccc(Br)c1,NC(=O)C1CCCN(C(=O)Cc2cccc(Br)c2)C1,Amidation,,
C155995,1,,,,O=C(O)Cc1cccc(I)c1,NNC(=O)C1CCNC1,NNC(=O)C1CCN(C(=O)Cc2cccc(I)c2)C1,Amidation,,
C155996,1,,,,O=C(O)Cc1cccc(I)c1,NNC(=O)C1CCNC1,O=C(Cc1cccc(I)c1)NNC(=O)C1CCNC1,Amidation,,
C156006,1,,,,O=C(O)Cc1cccc(I)c1,O=C1NCC2CNCC12,O=C1NCC2CN(C(=O)Cc3cccc(I)c3)CC12,Amidation,,
C133682,1,,,,NC(=O)C1CCCNC1,Cn1nccc1CC(=O)O,Cn1nccc1CC(=O)N1CCCC(C(N)=O)C1,Amidation,,
C156009,1,,,,O=C(O)Cc1cccc(I)c1,CNC(=O)C1CCNC1,CNC(=O)C1CCN(C(=O)Cc2cccc(I)c2)C1,Amidation,,
C133684,1,,,,O=C1NC2CNCC1C2,Cn1nccc1CC(=O)O,Cn1nccc1CC(=O)N1CC2CC(C1)C(=O)N2,Amidation,,
C140149,1,,,,Cc1ocnc1CCN,O=C(O)C1CCc2cccc(Cl)c21,Cc1ocnc1CCNC(=O)C1CCc2cccc(Cl)c21,Amidation,,
C133689,1,,,,NC(=O)C1(F)CCCNC1,O=C(O)Cc1ccn[nH]1,NC(=O)C1(F)CCCN(C(=O)Cc2ccn[nH]2)C1,Amidation,,
C156015,1,,,,Cc1ccc(CC(=O)O)cc1,O=C1NCC2CNCC12,Cc1ccc(CC(=O)N2CC3CNC(=O)C3C2)cc1,Amidation,,
C124288,1,,,,NC(=O)C1CCCNC1,O=C(O)Cc1cccc(Cl)c1,NC(=O)C1CCCN(C(=O)Cc2cccc(Cl)c2)C1,Amidation,,
C124289,1,,,,O=C(O)C(Cl)c1ccccc1,NC(=O)C1CCCNC1,NC(=O)C1CCCN(C(=O)C(Cl)c2ccccc2)C1,Amidation,,
C133699,1,,,,NC(=O)C1(O)CCCNC1,O=C(O)Cc1ccn[nH]1,NC(=O)C1(O)CCCN(C(=O)Cc2cc[nH]n2)C1,Amidation,,
C156024,1,,,,O=C(O)Cc1ccccc1O,NNC(=O)C1CCNC1,NNC(=O)C1CCN(C(=O)Cc2ccccc2O)C1,Amidation,,
C133701,1,,,,CNC(=O)C1CCCNC1,O=C(O)Cc1ccn[nH]1,CNC(=O)C1CCCN(C(=O)Cc2cc[nH]n2)C1,Amidation,,
C124295,1,,,,O=C(O)C(Cl)c1ccccc1,O=C1NC2CNCC1C2,O=C1NC2CC1CN(C(=O)C(Cl)c1ccccc1)C2,Amidation,,
C140163,1,,,,CC(N)Cc1cocn1,O=C(O)C1CCc2cccc(Br)c21,CC(Cc1cocn1)NC(=O)C1CCc2cccc(Br)c21,Amidation,,
C124298,1,,,,NC(=O)C1CCCNC1,O=C(O)C1Cc2ccccc21,NC(=O)C1CCCN(C(=O)C2Cc3ccccc32)C1,Amidation,,
C133703,1,,,,CC1CCC(C(N)=O)CN1,O=C(O)Cc1ccn[nH]1,CC1CCC(C(N)=O)CN1C(=O)Cc1cc[nH]n1,Amidation,,
C124300,1,,,,O=C1NC2CNCC1C2,O=C(O)C1Cc2ccccc21,O=C1NC2CC1CN(C(=O)C1Cc3ccccc31)C2,Amidation,,
C140165,1,,,,O=C(O)C1CCc2cccc(Br)c21,Cc1ocnc1CCN,Cc1ocnc1CCNC(=O)C1CCc2cccc(Br)c21,Amidation,,
C124303,1,,,,NC(=O)C1CCCNC1,C=C(C(=O)O)c1ccccc1,C=C(C(=O)N1CCCC(C(N)=O)C1)c1ccccc1,Amidation,,
C133702,1,,,,CC1CNCC(C(N)=O)C1,O=C(O)Cc1ccn[nH]1,CC1CC(C(N)=O)CN(C(=O)Cc2cc[nH]n2)C1,Amidation,,
C124305,1,,,,O=C1NC2CNCC1C2,C=C(C(=O)O)c1ccccc1,C=C(C(=O)N1CC2CC(C1)C(=O)N2)c1ccccc1,Amidation,,
C156028,1,,,,Cc1ccc(CC(=O)O)cc1,NNC(=O)C1CCNC1,Cc1ccc(CC(=O)NNC(=O)C2CCNC2)cc1,Amidation,,
C156029,1,,,,Cc1ccc(CC(=O)O)cc1,NNC(=O)C1CCNC1,Cc1ccc(CC(=O)N2CCC(C(=O)NN)C2)cc1,Amidation,,
C156035,1,,,,Cc1ccc(CC(=O)O)cc1,CNC(=O)C1CCNC1,CNC(=O)C1CCN(C(=O)Cc2ccc(C)cc2)C1,Amidation,,
C156036,1,,,,O=C(O)Cc1cccc(I)c1,CC1(C(N)=O)CCNC1,CC1(C(N)=O)CCN(C(=O)Cc2cccc(I)c2)C1,Amidation,,
C124324,1,,,,NC(=O)C1CCCNC1,O=C(O)Cc1ccc(Cl)cc1,NC(=O)C1CCCN(C(=O)Cc2ccc(Cl)cc2)C1,Amidation,,
C156053,1,,,,Cc1ccccc1CC(=O)O,NNC(=O)C1CCNC1,Cc1ccccc1CC(=O)N1CCC(C(=O)NN)C1,Amidation,,
C156054,1,,,,Cc1ccccc1CC(=O)O,NNC(=O)C1CCNC1,Cc1ccccc1CC(=O)NNC(=O)C1CCNC1,Amidation,,
C140190,1,,,,CC(N)Cc1cocn1,O=C(O)C1CCc2ccc(Cl)cc21,CC(Cc1cocn1)NC(=O)C1CCc2ccc(Cl)cc21,Amidation,,
C140192,1,,,,Cc1ocnc1CCN,O=C(O)C1CCc2ccc(Cl)cc21,Cc1ocnc1CCNC(=O)C1CCc2ccc(Cl)cc21,Amidation,,
C124337,1,,,,NC(=O)C1CCCNC1,Cc1ccccc1CC(=O)O,Cc1ccccc1CC(=O)N1CCCC(C(N)=O)C1,Amidation,,
C140197,1,,,,CC(N)Cc1cocn1,CC1(C(=O)O)CCc2ccccc21,CC(Cc1cocn1)NC(=O)C1(C)CCc2ccccc21,Amidation,,
C156066,1,,,,O=C(O)Cc1cccc(O)c1,NC(=O)C1(F)CCNC1,NC(=O)C1(F)CCN(C(=O)Cc2cccc(O)c2)C1,Amidation,,
C124346,1,,,,NC(=O)C1CCCNC1,O=C(O)Cc1cccc(O)c1,NC(=O)C1CCCN(C(=O)Cc2cccc(O)c2)C1,Amidation,,
C156070,1,,,,O=C(O)Cc1cccc(O)c1,NC(=O)C1(O)CCNC1,NC(=O)C1(O)CCN(C(=O)Cc2cccc(O)c2)C1,Amidation,,
C156072,1,,,,O=C(O)Cc1cccc(O)c1,CNC(=O)C1CCNC1,CNC(=O)C1CCN(C(=O)Cc2cccc(O)c2)C1,Amidation,,
C124354,1,,,,NC(=O)C1CCCNC1,O=C(O)C(O)c1ccccc1,NC(=O)C1CCCN(C(=O)C(O)c2ccccc2)C1,Amidation,,
C124357,1,,,,NC(=O)C1CCCNC1,O=C(O)Cc1ccc(F)cc1,NC(=O)C1CCCN(C(=O)Cc2ccc(F)cc2)C1,Amidation,,
C156076,1,,,,NC(=O)C1CCNC1,Nc1ccc(C(O)C(=O)O)cc1,NC(=O)C1CCN(C(=O)C(O)c2ccc(N)cc2)C1,Amidation,,
C124360,1,,,,O=C1NC2CNCC1C2,Nc1ccccc1CC(=O)O,Nc1ccccc1CC(=O)N1CC2CC(C1)C(=O)N2,Amidation,,
C156079,1,,,,NC(C(=O)O)c1ccccc1Cl,NC(=O)C1CCNC1,NC(=O)C1CCN(C(=O)C(N)c2ccccc2Cl)C1,Amidation,,
C124362,1,,,,NC(=O)C1CCCNC1,Nc1ccccc1CC(=O)O,NC(=O)C1CCCN(C(=O)Cc2ccccc2N)C1,Amidation,,
C124366,1,,,,NC(=O)C1CCCNC1,Nc1cccc(CC(=O)O)c1,NC(=O)C1CCCN(C(=O)Cc2cccc(N)c2)C1,Amidation,,
C156084,1,,,,O=C(O)Cc1cccc(O)c1,O=C1NCC2CNCC12,O=C1NCC2CN(C(=O)Cc3cccc(O)c3)CC12,Amidation,,
C124368,1,,,,O=C1NC2CNCC1C2,Nc1cccc(CC(=O)O)c1,Nc1cccc(CC(=O)N2CC3CC(C2)C(=O)N3)c1,Amidation,,
C124372,1,,,,NC(=O)C1CCCNC1,O=C(O)Cc1cccc(I)c1,NC(=O)C1CCCN(C(=O)Cc2cccc(I)c2)C1,Amidation,,
C156101,1,,,,NC(=O)C1CCNC1,Nc1cccc(C(O)C(=O)O)c1,NC(=O)C1CCN(C(=O)C(O)c2cccc(N)c2)C1,Amidation,,
C156102,1,,,,NC(=O)C1CCNC1,O=C(O)Cc1ccc(Br)cc1Br,NC(=O)C1CCN(C(=O)Cc2ccc(Br)cc2Br)C1,Amidation,,
C140243,1,,,,Cc1ocnc1CCN,O=C(O)C1CCc2cccc(O)c21,Cc1ocnc1CCNC(=O)C1CCc2cccc(O)c21,Amidation,,
C151890,1,,,,O=C1NCC2CCNCC12,O=C(O)Cc1ccc(O)cn1,O=C1NCC2CCN(C(=O)Cc3ccc(O)cn3)CC12,Amidation,,
C151893,1,,,,NC(=O)C1(F)CCCNC1,O=C(O)Cc1ccc(O)cn1,NC(=O)C1(F)CCCN(C(=O)Cc2ccc(O)cn2)C1,Amidation,,
C151897,1,,,,CC1CCC(C(N)=O)CN1,O=C(O)Cc1ccc(O)cn1,CC1CCC(C(N)=O)CN1C(=O)Cc1ccc(O)cn1,Amidation,,
C151898,1,,,,CC1CNCC(C(N)=O)C1,O=C(O)Cc1ccc(O)cn1,CC1CC(C(N)=O)CN(C(=O)Cc2ccc(O)cn2)C1,Amidation,,
C151899,1,,,,CNC(=O)C1CCCNC1,O=C(O)Cc1ccc(O)cn1,CNC(=O)C1CCCN(C(=O)Cc2ccc(O)cn2)C1,Amidation,,
C156115,1,,,,Cc1ccccc1CC(=O)O,O=C1NCC2CNCC12,Cc1ccccc1CC(=O)N1CC2CNC(=O)C2C1,Amidation,,
C156118,1,,,,Cc1ccccc1CC(=O)O,CNC(=O)C1CCNC1,CNC(=O)C1CCN(C(=O)Cc2ccccc2C)C1,Amidation,,
C156120,1,,,,Cc1ccccc1CC(=O)O,CC1(C(N)=O)CCNC1,Cc1ccccc1CC(=O)N1CCC(C)(C(N)=O)C1,Amidation,,
C124410,1,,,,O=C1NC2CNCC1C2,O=C(O)Cc1ccccc1O,O=C1NC2CC1CN(C(=O)Cc1ccccc1O)C2,Amidation,,
C126556,1,,,,ClCc1ncc(Cl)cn1,CC(=O)Nc1ccccc1O,CC(=O)Nc1ccccc1OCc1ncc(Cl)cn1,Williamson_ether_synthesis,,
C124412,1,,,,NC(=O)C1CCCNC1,O=C(O)Cc1ccccc1O,NC(=O)C1CCCN(C(=O)Cc2ccccc2O)C1,Amidation,,
C124414,1,,,,NC(=O)C1CCCNC1,O=C(O)C(=O)c1ccccc1,NC(=O)C1CCCN(C(=O)C(=O)c2ccccc2)C1,Amidation,,
C156125,1,,,,Cc1ccccc1CC(=O)O,NC(=O)C1(F)CCNC1,Cc1ccccc1CC(=O)N1CCC(F)(C(N)=O)C1,Amidation,,
C124416,1,,,,O=C1NC2CNCC1C2,O=C(O)C(=O)c1ccccc1,O=C(C(=O)N1CC2CC(C1)C(=O)N2)c1ccccc1,Amidation,,
C140264,1,,,,CC(N)Cc1cocn1,O=C(O)C1CCc2cccc(O)c21,CC(Cc1cocn1)NC(=O)C1CCc2cccc(O)c21,Amidation,,
C124423,1,,,,NC(=O)C1CCCNC1,Cc1ccc(CC(=O)O)cc1,Cc1ccc(CC(=O)N2CCCC(C(N)=O)C2)cc1,Amidation,,
C156132,1,,,,Cc1ccccc1CC(=O)O,NC(=O)C1(O)CCNC1,Cc1ccccc1CC(=O)N1CCC(O)(C(N)=O)C1,Amidation,,
C124427,1,,,,NC(=O)C1CCCNC1,CC(C(=O)O)c1ccccc1,CC(C(=O)N1CCCC(C(N)=O)C1)c1ccccc1,Amidation,,
C124429,1,,,,O=C1NC2CNCC1C2,CC(C(=O)O)c1ccccc1,CC(C(=O)N1CC2CC(C1)C(=O)N2)c1ccccc1,Amidation,,
C124432,1,,,,NC(=O)C1CCCNC1,O=C(O)Cc1ccccc1F,NC(=O)C1CCCN(C(=O)Cc2ccccc2F)C1,Amidation,,
C124435,1,,,,NC(=O)C1CCCNC1,O=C(O)Cc1ccccc1I,NC(=O)C1CCCN(C(=O)Cc2ccccc2I)C1,Amidation,,
C156141,1,,,,Nc1ccccc1CC(=O)O,NC(=O)C1(F)CCNC1,NC(=O)C1(F)CCN(C(=O)Cc2ccccc2N)C1,Amidation,,
C151927,1,,,,NC(=O)C1(N)CCCNC1,O=C(O)Cc1ccc(O)cn1,NC(=O)C1(N)CCCN(C(=O)Cc2ccc(O)cn2)C1,Amidation,,
C151928,1,,,,NC(=O)C1(N)CCCNC1,O=C(O)Cc1ccc(O)cn1,NC(=O)C1(NC(=O)Cc2ccc(O)cn2)CCCNC1,Amidation,,
C156145,1,,,,Nc1ccccc1CC(=O)O,NC(=O)C1(O)CCNC1,NC(=O)C1(O)CCN(C(=O)Cc2ccccc2N)C1,Amidation,,
C124440,1,,,,NC(=O)C1(N)CCCNC1,O=C(O)Cc1ccccc1O,NC(=O)C1(NC(=O)Cc2ccccc2O)CCCNC1,Amidation,,
C156151,1,,,,Nc1ccccc1CC(=O)O,CC1(C(N)=O)CCNC1,CC1(C(N)=O)CCN(C(=O)Cc2ccccc2N)C1,Amidation,,
C124448,1,,,,O=C1NC2CNCC1C2,Nc1cccc(C(O)C(=O)O)c1,Nc1cccc(C(O)C(=O)N2CC3CC(C2)C(=O)N3)c1,Amidation,,
C124451,1,,,,NC(=O)C1CCCNC1,Nc1cccc(C(O)C(=O)O)c1,NC(=O)C1CCCN(C(=O)C(O)c2cccc(N)c2)C1,Amidation,,
C124452,1,,,,NC(=O)C1(N)CCCNC1,O=C(O)Cc1ccccc1O,NC(=O)C1(N)CCCN(C(=O)Cc2ccccc2O)C1,Amidation,,
C156155,1,,,,Nc1ccccc1CC(=O)O,NNC(=O)C1CCNC1,NNC(=O)C1CCN(C(=O)Cc2ccccc2N)C1,Amidation,,
C156156,1,,,,Nc1ccccc1CC(=O)O,NNC(=O)C1CCNC1,Nc1ccccc1CC(=O)NNC(=O)C1CCNC1,Amidation,,
C156166,1,,,,Nc1ccccc1CC(=O)O,O=C1NCC2CNCC12,Nc1ccccc1CC(=O)N1CC2CNC(=O)C2C1,Amidation,,
C156169,1,,,,Nc1ccccc1CC(=O)O,CNC(=O)C1CCNC1,CNC(=O)C1CCN(C(=O)Cc2ccccc2N)C1,Amidation,,
C140318,1,,,,Cc1ocnc1CCN,CC1(C(=O)O)CCc2ccccc21,Cc1ocnc1CCNC(=O)C1(C)CCc2ccccc21,Amidation,,
C156189,1,,,,O=C(O)Cc1ccccc1O,NC(=O)C1(O)CCNC1,NC(=O)C1(O)CCN(C(=O)Cc2ccccc2O)C1,Amidation,,
C156190,1,,,,O=C(O)Cc1cccc(O)c1,CC1(C(N)=O)CCNC1,CC1(C(N)=O)CCN(C(=O)Cc2cccc(O)c2)C1,Amidation,,
C156197,1,,,,O=C(O)Cc1ccccc1O,NC(=O)C1(F)CCNC1,NC(=O)C1(F)CCN(C(=O)Cc2ccccc2O)C1,Amidation,,
C156205,1,,,,NC(=O)C1CCNC1,O=C(O)C1CCc2ccccc21,NC(=O)C1CCN(C(=O)C2CCc3ccccc32)C1,Amidation,,
C152006,1,,,,NC(=O)C1(N)CCCNC1,O=C(O)Cc1ncccc1F,NC(=O)C1(NC(=O)Cc2ncccc2F)CCCNC1,Amidation,,
C124516,1,,,,NC(=O)C1(O)CCCNC1,O=C(O)C(O)c1ccccc1,NC(=O)C1(O)CCCN(C(=O)C(O)c2ccccc2)C1,Amidation,,
C152007,1,,,,NC(=O)C1(N)CCCNC1,O=C(O)Cc1ncccc1F,NC(=O)C1(N)CCCN(C(=O)Cc2ncccc2F)C1,Amidation,,
C124518,1,,,,CNC(=O)C1CCCNC1,O=C(O)C(O)c1ccccc1,CNC(=O)C1CCCN(C(=O)C(O)c2ccccc2)C1,Amidation,,
C124519,1,,,,CC1CNCC(C(N)=O)C1,O=C(O)C(O)c1ccccc1,CC1CC(C(N)=O)CN(C(=O)C(O)c2ccccc2)C1,Amidation,,
C124520,1,,,,CC1CCC(C(N)=O)CN1,O=C(O)C(O)c1ccccc1,CC1CCC(C(N)=O)CN1C(=O)C(O)c1ccccc1,Amidation,,
C124524,1,,,,NC(=O)C1(F)CCCNC1,O=C(O)C(O)c1ccccc1,NC(=O)C1(F)CCCN(C(=O)C(O)c2ccccc2)C1,Amidation,,
C156226,1,,,,Nc1cccc(CC(=O)O)c1,O=C1NCC2CNCC12,Nc1cccc(CC(=O)N2CC3CNC(=O)C3C2)c1,Amidation,,
C124528,1,,,,O=C1NCC2CCNCC12,O=C(O)C(O)c1ccccc1,O=C1NCC2CCN(C(=O)C(O)c3ccccc3)CC12,Amidation,,
C156230,1,,,,Nc1cccc(CC(=O)O)c1,CNC(=O)C1CCNC1,CNC(=O)C1CCN(C(=O)Cc2cccc(N)c2)C1,Amidation,,
C156232,1,,,,Nc1cccc(CC(=O)O)c1,CC1(C(N)=O)CCNC1,CC1(C(N)=O)CCN(C(=O)Cc2cccc(N)c2)C1,Amidation,,
C156237,1,,,,Nc1cccc(CC(=O)O)c1,NC(=O)C1(F)CCNC1,NC(=O)C1(F)CCN(C(=O)Cc2cccc(N)c2)C1,Amidation,,
C156239,1,,,,Nc1cccc(CC(=O)O)c1,NNC(=O)C1CCNC1,Nc1cccc(CC(=O)NNC(=O)C2CCNC2)c1,Amidation,,
C156240,1,,,,Nc1cccc(CC(=O)O)c1,NNC(=O)C1CCNC1,NNC(=O)C1CCN(C(=O)Cc2cccc(N)c2)C1,Amidation,,
C124539,1,,,,NC(=O)C1(F)CCCNC1,O=C(O)Cc1ccccc1O,NC(=O)C1(F)CCCN(C(=O)Cc2ccccc2O)C1,Amidation,,
C156243,1,,,,O=C(O)Cc1cccc(I)c1,NC(=O)C1(F)CCNC1,NC(=O)C1(F)CCN(C(=O)Cc2cccc(I)c2)C1,Amidation,,
C124543,1,,,,O=C1NCC2CCNCC12,O=C(O)Cc1ccccc1O,O=C1NCC2CCN(C(=O)Cc3ccccc3O)CC12,Amidation,,
C152037,1,,,,NC(=O)C1(O)CCCNC1,O=C(O)Cc1ncccc1F,NC(=O)C1(O)CCCN(C(=O)Cc2ncccc2F)C1,Amidation,,
C152038,1,,,,CNC(=O)C1CCCNC1,O=C(O)Cc1ncccc1F,CNC(=O)C1CCCN(C(=O)Cc2ncccc2F)C1,Amidation,,
C149907,1,,,,NC(=O)C1(O)CCCNC1,CCOc1cccnc1CC(=O)O,CCOc1cccnc1CC(=O)N1CCCC(O)(C(N)=O)C1,Amidation,,
C152039,1,,,,CC1CNCC(C(N)=O)C1,O=C(O)Cc1ncccc1F,CC1CC(C(N)=O)CN(C(=O)Cc2ncccc2F)C1,Amidation,,
C149909,1,,,,CNC(=O)C1CCCNC1,CCOc1cccnc1CC(=O)O,CCOc1cccnc1CC(=O)N1CCCC(C(=O)NC)C1,Amidation,,
C152040,1,,,,CC1CCC(C(N)=O)CN1,O=C(O)Cc1ncccc1F,CC1CCC(C(N)=O)CN1C(=O)Cc1ncccc1F,Amidation,,
C149911,1,,,,CC1CNCC(C(N)=O)C1,CCOc1cccnc1CC(=O)O,CCOc1cccnc1CC(=O)N1CC(C)CC(C(N)=O)C1,Amidation,,
C152044,1,,,,NC(=O)C1(F)CCCNC1,O=C(O)Cc1ncccc1F,NC(=O)C1(F)CCCN(C(=O)Cc2ncccc2F)C1,Amidation,,
C124553,1,,,,CC1CCC(C(N)=O)CN1,O=C(O)Cc1ccccc1O,CC1CCC(C(N)=O)CN1C(=O)Cc1ccccc1O,Amidation,,
C156247,1,,,,O=C(O)Cc1cccc(I)c1,NC(=O)C1(O)CCNC1,NC(=O)C1(O)CCN(C(=O)Cc2cccc(I)c2)C1,Amidation,,
C124555,1,,,,CC1CNCC(C(N)=O)C1,O=C(O)Cc1ccccc1O,CC1CC(C(N)=O)CN(C(=O)Cc2ccccc2O)C1,Amidation,,
C149915,1,,,,NC(=O)C1(F)CCCNC1,CCOc1cccnc1CC(=O)O,CCOc1cccnc1CC(=O)N1CCCC(F)(C(N)=O)C1,Amidation,,
C152047,1,,,,O=C1NCC2CCNCC12,O=C(O)Cc1ncccc1F,O=C1NCC2CCN(C(=O)Cc3ncccc3F)CC12,Amidation,,
C149919,1,,,,CC1CCC(C(N)=O)CN1,CCOc1cccnc1CC(=O)O,CCOc1cccnc1CC(=O)N1CC(C(N)=O)CCC1C,Amidation,,
C152051,1,,,,O=C1NC2CNCC1C2,COc1cccnc1CC(=O)O,COc1cccnc1CC(=O)N1CC2CC(C1)C(=O)N2,Amidation,,
C124563,1,,,,NC(=O)C1CCCNC1,O=C(O)Cc1cc(F)ccc1Br,NC(=O)C1CCCN(C(=O)Cc2cc(F)ccc2Br)C1,Amidation,,
C124574,1,,,,NC(=O)C1(O)CCCNC1,O=C(O)Cc1ccccc1O,NC(=O)C1(O)CCCN(C(=O)Cc2ccccc2O)C1,Amidation,,
C156279,1,,,,O=C(O)Cc1ccccc1O,CNC(=O)C1CCNC1,CNC(=O)C1CCN(C(=O)Cc2ccccc2O)C1,Amidation,,
C156281,1,,,,O=C(O)Cc1ccccc1O,CC1(C(N)=O)CCNC1,CC1(C(N)=O)CCN(C(=O)Cc2ccccc2O)C1,Amidation,,
C136207,1,,,,CC(N)Cc1cocn1,Clc1cccc2c1CCN2,CC(Cc1cocn1)NC(=O)N1CCc2c(Cl)cccc21,Formation_of_urea_from_two_amines,,
C136209,1,,,,Clc1cccc2c1CCN2,Cc1ocnc1CCN,Cc1ocnc1CCNC(=O)N1CCc2c(Cl)cccc21,Formation_of_urea_from_two_amines,,
C156291,1,,,,O=C(O)Cc1ccccc1O,O=C1NCC2CNCC12,O=C1NCC2CN(C(=O)Cc3ccccc3O)CC12,Amidation,,
C156307,1,,,,Nc1cccc(CC(=O)O)c1,NC(=O)C1(O)CCNC1,NC(=O)C1(O)CCN(C(=O)Cc2cccc(N)c2)C1,Amidation,,
